% Model,Midshipman_SF_monostatic.mph
% Version,COMSOL 6.2.0.339
% Date,"Sep 9 2026, 15:43"
% Table,Table 2 - Global Evaluation 1
% theta (degree),freq (Hz),Target Strength
0,10000,-101.69180124000802
0,30000,-106.92294916621522
0,50000,-101.56812399028271
0,70000,-102.30080002661644
1,10000,-101.69205074847406
1,30000,-106.92261208305936
1,50000,-101.56611411433929
1,70000,-102.2885109038723
2,10000,-101.69258571671035
2,30000,-106.9251235945402
2,50000,-101.56999684675021
2,70000,-102.28731314575343
3.0000000000000004,10000,-101.69340552358949
3.0000000000000004,30000,-106.93048834582063
3.0000000000000004,50000,-101.57976957153343
3.0000000000000004,70000,-102.29730034941969
4,10000,-101.69450922064803
4,30000,-106.9387079387011
4,50000,-101.5954242805263
4,70000,-102.31856399381309
5,10000,-101.69589553272964
5,30000,-106.9497809165274
5,50000,-101.6169475307232
5,70000,-102.3511923136487
6.000000000000001,10000,-101.69756285893055
6.000000000000001,30000,-106.96370274315095
6.000000000000001,50000,-101.64432039192155
6.000000000000001,70000,-102.39526900274724
7,10000,-101.6995092738564
7,30000,-106.98046577613346
7,50000,-101.67751838418305
7,70000,-102.45087172943826
8,10000,-101.70173252917827
8,30000,-107.00005923394009
8,50000,-101.71651140318508
8,70000,-102.51807044321764
9,10000,-101.70423005550957
9,30000,-107.02246915749481
9,50000,-101.76126363266583
9,70000,-102.59692544496153
10,10000,-101.70699896458257
10,30000,-107.04767836607527
10,50000,-101.81173344155337
10,70000,-102.6874851871679
11,10000,-101.71003605174965
11,30000,-107.07566640774346
11,50000,-101.86787326486746
11,70000,-102.78978376357486
12.000000000000002,10000,-101.71333779878401
12.000000000000002,30000,-107.10640950443464
12.000000000000002,50000,-101.92962946540918
12.000000000000002,70000,-102.90383804074763
13,10000,-101.71690037701055
13,30000,-107.13988049211085
13,50000,-101.99694217489872
13,70000,-103.02964437567672
14,10000,-101.72071965073962
14,30000,-107.17604875604627
14,50000,-102.0697451116819
14,70000,-103.16717485438838
14.999999999999998,10000,-101.72479118103233
14.999999999999998,30000,-107.21488016190143
14.999999999999998,50000,-102.14796537298534
14.999999999999998,70000,-103.3163729796557
16,10000,-101.72911022977138
16,30000,-107.2563369826704
16,50000,-102.23152319901493
16,70000,-103.47714872387691
17,10000,-101.73367176406886
17,30000,-107.3003778223265
17,50000,-102.32033170646619
17,70000,-103.64937285717957
18,10000,-101.7384704609723
18,30000,-107.34695753649824
18,50000,-102.4142965889947
18,70000,-103.83287045249918
19,10000,-101.74350071251448
19,30000,-107.39602715107819
19,50000,-102.51331578209742
19,70000,-104.02741346510354
20,10000,-101.74875663107186
20,30000,-107.4475337792766
20,50000,-102.61727909039827
20,70000,-104.23271228496665
21,10000,-101.75423205504902
21,30000,-107.50142053833274
21,50000,-102.72606777509563
21,70000,-104.4484061682613
22,10000,-101.75992055488877
22,30000,-107.55762646658297
22,50000,-102.83955410034233
22,70000,-104.6740524746503
23,10000,-101.76581543939488
23,30000,-107.61608644225251
23,50000,-102.95760083710982
23,70000,-104.90911467321611
24.000000000000004,10000,-101.77190976238472
24.000000000000004,30000,-107.67673110515128
24.000000000000004,50000,-103.08006072479941
24.000000000000004,70000,-105.15294914339302
25,10000,-101.77819632965858
25,30000,-107.73948678263692
25,50000,-103.20677589060024
25,70000,-105.40479088730666
26,10000,-101.78466770629
26,30000,-107.80427542157429
26,50000,-103.337577229075
26,70000,-105.66373840859738
27,10000,-101.79131622422693
27,30000,-107.87101452782275
27,50000,-103.47228374459897
27,70000,-105.92873819950165
28,10000,-101.79813399021741
28,30000,-107.93961711525809
28,50000,-103.61070186219058
28,70000,-106.19856952696843
29.000000000000004,10000,-101.80511289403613
29.000000000000004,30000,-108.00999166627734
29.000000000000004,50000,-103.75262471346302
29.000000000000004,70000,-106.4718305246655
29.999999999999996,10000,-101.81224461702945
29.999999999999996,30000,-108.0820421060788
29.999999999999996,50000,-103.8978314075036
29.999999999999996,70000,-106.74692697455056
31,10000,-101.81952064096319
31,30000,-108.15566779285942
31,50000,-104.04608629898343
31,70000,-107.02206557816807
32,10000,-101.82693225717145
32,30000,-108.23076352653034
32,50000,-104.19713826931628
32,70000,-107.29525393618444
33,10000,-101.83447057599415
33,30000,-108.30721957835537
33,50000,-104.35072003981449
33,70000,-107.564309791327
34,10000,-101.84212653652695
34,30000,-108.38492174440671
34,50000,-104.50654754060272
34,70000,-107.82688223854393
35,10000,-101.84989091662783
35,30000,-108.46375142508847
35,50000,-104.6643193622994
35,70000,-108.08048742513148
36,10000,-101.85775434323155
36,30000,-108.54358573393395
36,50000,-104.82371632252624
36,70000,-108.32256059279798
37,10000,-101.86570730291216
37,30000,-108.62429763784522
37,50000,-104.98440118353034
37,70000,-108.55052503598745
38,10000,-101.87374015272172
38,30000,-108.70575613173976
38,50000,-105.14601856122725
38,70000,-108.76187662762148
39,10000,-101.88184313128487
39,30000,-108.78782644974984
39,50000,-105.30819506976968
39,70000,-108.95428012702757
40,10000,-101.89000637013278
40,30000,-108.87037031527741
40,50000,-105.47053974814244
40,70000,-109.12567086874819
41,10000,-101.89821990527358
41,30000,-108.95324623173082
41,50000,-105.63264481745306
41,70000,-109.27435317627297
42,10000,-101.90647368899721
42,30000,-109.03630981546351
42,50000,-105.79408681637327
42,70000,-109.39908558383605
43,10000,-101.91475760188112
43,30000,-109.1194141719189
43,50000,-105.95442816055521
43,70000,-109.49914323355029
44,10000,-101.9230614650065
44,30000,-109.20241031545275
44,50000,-106.11321916560117
44,70000,-109.5743498732746
45,10000,-101.93137505235292
45,30000,-109.28514763257056
45,50000,-106.27000056533653
45,70000,-109.62507549465226
46,10000,-101.93968810338424
46,30000,-109.36747438770149
46,50000,-106.424306544665
46,70000,-109.65220010580578
47,10000,-101.94799033577071
47,30000,-109.44923826979709
47,50000,-106.57566829018863
47,70000,-109.65704848683967
48.00000000000001,10000,-101.95627145827712
48.00000000000001,30000,-109.53028697694486
48.00000000000001,50000,-106.72361804287726
48.00000000000001,70000,-109.64130407246158
49,10000,-101.96452118376297
49,30000,-109.61046883568797
49,50000,-106.86769361332463
49,70000,-109.6069117676274
50,10000,-101.97272924230435
50,30000,-109.6896334503794
50,50000,-107.00744329580863
50,70000,-109.55597939638648
51,10000,-101.98088539440158
51,30000,-109.76763237713081
51,50000,-107.1424310906367
51,70000,-109.4906859480845
52,10000,-101.98897944426604
52,30000,-109.84431981606255
52,50000,-107.2722421172476
52,70000,-109.41320239527393
53,10000,-101.99700125316427
53,30000,-109.91955331437296
53,50000,-107.3964880784776
53,70000,-109.32562825146266
54,10000,-102.0049407527867
54,30000,-109.99319447247062
54,50000,-107.51481261492708
54,70000,-109.22994470255846
55,10000,-102.01278795865365
55,30000,-110.0651096441976
55,50000,-107.62689637725515
55,70000,-109.12798337469042
56,10000,-102.02053298349074
56,30000,-110.1351706219954
56,50000,-107.73246163805575
56,70000,-109.02140867692938
57.00000000000001,10000,-102.02816605059641
57.00000000000001,30000,-110.20325529754359
57.00000000000001,50000,-107.83127627115597
57.00000000000001,70000,-108.91171112257845
58.00000000000001,10000,-102.03567750714902
58.00000000000001,30000,-110.26924828817543
58.00000000000001,50000,-107.92315694110341
58.00000000000001,70000,-108.80020894367549
59.00000000000001,10000,-102.04305783744962
59.00000000000001,30000,-110.33304151951583
59.00000000000001,50000,-108.007971371261
59.00000000000001,70000,-108.68805552675144
59.99999999999999,10000,-102.05029767606732
59.99999999999999,30000,-110.39453475521219
59.99999999999999,50000,-108.08563959365513
59.99999999999999,70000,-108.5762505671225
61,10000,-102.05738782086061
61,30000,-110.4536360652495
61,50000,-108.15613412473161
61,70000,-108.46565326450771
62,10000,-102.06431924586653
62,30000,-110.5102622252533
62,50000,-108.21947905701987
62,70000,-108.35699630002502
63,10000,-102.0710831140185
63,30000,-110.56433903998413
63,50000,-108.27574810268081
63,70000,-108.25089970016963
64,10000,-102.07767078967879
64,30000,-110.61580158602172
64,50000,-108.32506166898396
64,70000,-108.14788399504951
65,10000,-102.08407385094988
65,30000,-110.66459436966285
65,50000,-108.3675830831197
65,70000,-108.0483823154558
66,10000,-102.09028410175722
66,30000,-110.71067139776987
66,50000,-108.40351411525864
66,70000,-107.95275124743092
67,10000,-102.09629358365925
67,30000,-110.7539961610717
67,50000,-108.43308996769244
67,70000,-107.86128038813024
68,10000,-102.10209458738362
68,30000,-110.79454153108598
68,50000,-108.456573909152
68,70000,-107.77420063158215
69,10000,-102.10767966404282
69,30000,-110.83228957307932
69,50000,-108.47425173226608
69,70000,-107.69169126555457
70,10000,-102.11304163602523
70,30000,-110.86723127994004
70,50000,-108.48642620415583
70,70000,-107.61388599281366
71,10000,-102.11817360752235
71,30000,-110.89936623205942
71,50000,-108.4934116616599
71,70000,-107.54087800313346
72,10000,-102.12306897468437
72,30000,-110.92870219076957
72,50000,-108.49552888255337
72,70000,-107.47272422760395
73,10000,-102.12772143537073
73,30000,-110.95525463307322
73,50000,-108.49310033686237
73,70000,-107.40944890311948
74,10000,-102.13212499848026
74,30000,-110.97904623677495
74,50000,-108.48644589676381
74,70000,-107.3510465662227
75,10000,-102.13627399283885
75,30000,-111.00010632518885
75,50000,-108.4758790564517
75,70000,-107.29748458662591
76,10000,-102.14016307562481
76,30000,-111.01847028155191
76,50000,-108.46170368976381
76,70000,-107.24870533875898
77,10000,-102.14378724031309
77,30000,-111.03417894264336
77,50000,-108.44421135081944
77,70000,-107.20462809695616
78,10000,-102.14714182412067
78,30000,-111.04727798160323
78,50000,-108.42367910613775
78,70000,-107.16515073128247
79,10000,-102.15022251493245
79,30000,-111.05781728905477
79,50000,-108.40036787137348
79,70000,-107.13015126697846
80,10000,-102.15302535770746
80,30000,-111.0658503614094
80,50000,-108.3745212159759
80,70000,-107.09948936281842
81,10000,-102.15554676031743
81,30000,-111.0714337042227
81,50000,-108.34636459212166
81,70000,-107.0730077537816
82,10000,-102.15778349885063
82,30000,-111.0746262581425
82,50000,-108.31610493922773
82,70000,-107.0505336940497
83,10000,-102.1597327223286
83,30000,-111.07548885332874
83,50000,-108.2839306155742
83,70000,-107.03188043038884
84,10000,-102.16139195684336
84,30000,-111.0740836977785
84,50000,-108.25001160743767
84,70000,-107.01684872712227
85,10000,-102.1627591091059
85,30000,-111.07047390405234
85,50000,-108.21449996964405
85,70000,-107.0052284587578
86,10000,-102.16383246939768
86,30000,-111.06472305725832
86,50000,-108.17753045375659
86,70000,-106.99680027912277
87,10000,-102.16461071391001
87,30000,-111.05689482699032
87,50000,-108.13922128502259
87,70000,-106.99133737131095
88,10000,-102.16509290648463
88,30000,-111.04705262433747
88,50000,-108.09967505258561
88,70000,-106.98860727640651
89,10000,-102.16527849972918
89,30000,-111.03525930467184
89,50000,-108.05897968282409
89,70000,-106.98837379538986
90,10000,-102.16516733552488
90,30000,-111.0215769156825
90,50000,-108.01720946985364
90,70000,-106.99039895196688
91,10000,-102.16475964492281
91,30000,-111.00606649016598
91,50000,-107.97442614118319
91,70000,-106.99444500204902
92,10000,-102.1640560474143
92,30000,-110.98878788137057
92,50000,-107.93067994108242
92,70000,-107.00027646959657
93,10000,-102.16305754960928
93,30000,-110.9697996395719
93,50000,-107.88601071677482
93,70000,-107.00766218701865
94,10000,-102.1617655432931
94,30000,-110.94915892666968
94,50000,-107.84044899666785
94,70000,-107.01637731383744
95,10000,-102.16018180288954
95,30000,-110.92692146654512
95,50000,-107.79401705190094
95,70000,-107.02620530612683
96.00000000000001,10000,-102.15830848233574
96.00000000000001,30000,-110.90314152778885
96.00000000000001,50000,-107.7467299346927
96.00000000000001,70000,-107.03693980722007
97,10000,-102.15614811136767
97,30000,-110.87787193571722
97,50000,-107.69859648935837
97,70000,-107.04838643006653
98,10000,-102.15370359123821
98,30000,-110.8511641101847
98,50000,-107.64962033204486
98,70000,-107.06036440143946
99,10000,-102.1509781898687
99,30000,-110.8230681260005
99,50000,-107.59980079794005
99,70000,-107.0727080397796
100,10000,-102.14797553645582
100,30000,-110.7936327924466
100,50000,-107.54913385387968
100,70000,-107.0852680408057
101,10000,-102.14469961554744
101,30000,-110.76290574858506
101,50000,-107.49761297571736
101,70000,-107.09791254802916
102,10000,-102.14115476059362
102,30000,-110.73093357135649
102,50000,-107.44522998946762
102,70000,-107.11052798914264
103,10000,-102.1373456469999
103,30000,-110.69776189298247
103,50000,-107.39197587564634
103,70000,-107.12301966451514
104,10000,-102.13327728469642
104,30000,-110.66343552536573
104,50000,-107.33784153569323
104,70000,-107.13531207868078
105.00000000000001,10000,-102.12895501023824
105.00000000000001,30000,-110.62799858823442
105.00000000000001,50000,-107.28281851932283
105.00000000000001,70000,-107.14734901182936
106,10000,-102.12438447846152
106,30000,-110.5914946388236
106,50000,-107.22689971129549
106,70000,-107.1590933335883
107,10000,-102.11957165371027
107,30000,-110.5539668008599
107,50000,-107.17007997571564
107,70000,-107.17052656730688
108,10000,-102.11452280066354
108,30000,-110.51545789050117
108,50000,-107.11235675572235
108,70000,-107.18164821872654
109,10000,-102.10924447476641
109,30000,-110.47601053774129
109,50000,-107.05373062585426
109,70000,-107.19247488711855
110,10000,-102.10374351231293
110,30000,-110.43566730151218
110,50000,-106.99420579470869
110,70000,-107.20303918314366
111,10000,-102.09802702017438
111,30000,-110.3944707771046
111,50000,-106.93379055485771
111,70000,-107.2133884797299
112,10000,-102.09210236522223
112,30000,-110.3524636948643
112,50000,-106.87249767717377
112,70000,-107.22358352633762
113,10000,-102.08597716344582
113,30000,-110.30968900921296
113,50000,-106.81034474705356
113,70000,-107.23369696026852
114.00000000000001,10000,-102.07965926880404
114.00000000000001,30000,-110.26618997729875
114.00000000000001,50000,-106.74735444032135
114.00000000000001,70000,-107.24381174826725
115,10000,-102.07315676182625
115,30000,-110.22201022673062
115,50000,-106.68355473623215
115,70000,-107.2540195950957
116.00000000000001,10000,-102.06647793799428
116.00000000000001,30000,-110.17719381213901
116.00000000000001,50000,-106.61897906684368
116.00000000000001,70000,-107.26441935292473
117,10000,-102.05963129590398
117,30000,-110.13178526039368
117,50000,-106.55366640160454
117,70000,-107.27511546799843
118.00000000000001,10000,-102.05262552527086
118.00000000000001,30000,-110.08582960453255
118.00000000000001,50000,-106.48766126709391
118.00000000000001,70000,-107.28621649566298
119,10000,-102.04546949475984
119,30000,-110.03937240650367
119,50000,-106.42101370275412
119,70000,-107.29783371617403
119.99999999999999,10000,-102.03817223969037
119.99999999999999,30000,-109.9924597691566
119.99999999999999,50000,-106.3537791543227
119.99999999999999,70000,-107.31007987702458
121,10000,-102.03074294962482
121,30000,-109.9451383376332
121,50000,-106.28601830711743
121,70000,-107.32306808618918
122,10000,-102.0231909558685
122,30000,-109.89745529102662
122,50000,-106.21779686261937
122,70000,-107.3369108738077
123.00000000000001,10000,-102.01552571889823
123.00000000000001,30000,-109.84945832460723
123.00000000000001,50000,-106.14918526259976
123.00000000000001,70000,-107.35171943496587
124,10000,-102.00775681574092
124,30000,-109.80119562332972
124,50000,-106.08025836512263
124,70000,-107.36760306047398
125.00000000000001,10000,-101.99989392733045
125.00000000000001,30000,-109.75271582753714
125.00000000000001,50000,-106.01109507826976
125.00000000000001,70000,-107.38466875404393
126,10000,-101.99194682584394
126,30000,-109.70406799132867
126,50000,-105.94177795732122
126,70000,-107.40302102934885
127.00000000000001,10000,-101.98392536205267
127.00000000000001,30000,-109.65530153453315
127.00000000000001,50000,-105.8723927716146
127.00000000000001,70000,-107.4227618716145
128,10000,-101.97583945270483
128,30000,-109.60646618900363
128,50000,-105.80302804773015
128,70000,-107.44399084102315
129,10000,-101.96769906795143
129,30000,-109.55761194005625
129,50000,-105.73377459586455
129,70000,-107.46680529078705
130,10000,-101.95951421882157
130,30000,-109.50878896384475
130,50000,-105.6647250256037
130,70000,-107.49130066488749
131,10000,-101.9512949447985
131,30000,-109.46004756122255
131,50000,-105.5959732581099
131,70000,-107.51757083566334
132,10000,-101.94305130147264
132,30000,-109.41143808917676
132,50000,-105.52761404053983
132,70000,-107.54570844071239
133,10000,-101.93479334830188
133,30000,-109.363010890082
133,50000,-105.45974246901997
133,70000,-107.575805173443
134,10000,-101.92653113650348
134,30000,-109.31481621983016
134,50000,-105.39245352509296
134,70000,-107.60795198433671
135,10000,-101.9182746970765
135,30000,-109.26690417504162
135,50000,-105.32584163087995
135,70000,-107.64223915128967
136,10000,-101.91003402896571
136,30000,-109.21932462021152
136,50000,-105.26000022726437
136,70000,-107.67875618074376
137,10000,-101.90181908738867
137,30000,-109.17212711510868
137,50000,-105.19502137823112
137,70000,-107.7175915087783
138,10000,-101.89363977233944
138,30000,-109.12536084289252
138,50000,-105.13099540513579
138,70000,-107.75883197673467
139,10000,-101.88550591725078
139,30000,-109.07907453932847
139,50000,-105.06801055238552
139,70000,-107.80256206647658
140,10000,-101.8774272778728
140,30000,-109.03331642346991
140,50000,-105.00615268691683
140,70000,-107.84886288855981
141,10000,-101.86941352132271
141,30000,-108.9881341299874
141,50000,-104.94550503197198
141,70000,-107.89781092778954
142,10000,-101.86147421536093
142,30000,-108.94357464346004
142,50000,-104.88614793568206
142,70000,-107.9494765595393
143,10000,-101.8536188178674
143,30000,-108.89968423469783
143,50000,-104.82815867467602
143,70000,-108.00392236030197
144,10000,-101.84585666654051
144,30000,-108.85650839931911
144,50000,-104.77161129140477
144,70000,-108.06120124446963
145,10000,-101.83819696882719
145,30000,-108.81409179853918
145,50000,-104.71657646473724
145,70000,-108.12135446633421
146,10000,-101.83064879207792
146,30000,-108.77247820235995
146,50000,-104.66312141184794
146,70000,-108.18440953316943
147,10000,-101.82322105393783
147,30000,-108.73171043495958
147,50000,-104.61130981959437
147,70000,-108.25037807691893
148,10000,-101.81592251298898
148,30000,-108.69183032242388
148,50000,-104.56120180364906
148,70000,-108.31925373853403
149,10000,-101.80876175962388
149,30000,-108.65287864264708
149,50000,-104.51285389257784
149,70000,-108.39101011600988
150,10000,-101.80174720718115
150,30000,-108.61489507742213
150,50000,-104.46631903487807
150,70000,-108.4655988281746
151,10000,-101.79488708332374
151,30000,-108.57791816636549
151,50000,-104.42164662592178
151,70000,-108.54294774527757
152,10000,-101.78818942167783
152,30000,-108.54198526284911
152,50000,-104.37888255294526
152,70000,-108.62295943147522
153,10000,-101.78166205372546
153,30000,-108.5071324915595
153,50000,-104.3380692547725
153,70000,-108.7055098428093
154,10000,-101.77531260096467
154,30000,-108.47339470765162
154,50000,-104.29924579450687
154,70000,-108.79044731839019
155,10000,-101.76914846731603
155,30000,-108.44080545725862
155,50000,-104.26244794253137
155,70000,-108.87759189563045
156,10000,-101.76317683181642
156,30000,-108.40939693918337
156,50000,-104.22770826751504
156,70000,-108.96673497793233
157,10000,-101.75740464155311
157,30000,-108.37919996766304
157,50000,-104.19505623371494
157,70000,-109.05763937306796
158,10000,-101.75183860487898
158,30000,-108.35024393598701
158,50000,-104.1645183025463
158,70000,-109.15003971780637
159,10000,-101.74648518489356
159,30000,-108.32255678078396
159,50000,-104.1361180367425
159,70000,-109.24364329431046
160,10000,-101.74135059318608
160,30000,-108.29616494685
160,50000,-104.10987620596572
160,70000,-109.3381312410706
161,10000,-101.73644078385183
161,30000,-108.27109335242665
161,50000,-104.08581089223594
161,70000,-109.43316014980708
162,10000,-101.73176144777925
162,30000,-108.24736535462931
162,50000,-104.06393759470484
162,70000,-109.52836403742904
163,10000,-101.72731800720283
163,30000,-108.22500271509453
163,50000,-104.04426933228295
163,70000,-109.62335667111205
164,10000,-101.72311561052939
164,30000,-108.20402556567589
164,50000,-104.02681674416968
164,70000,-109.71773422031931
165,10000,-101.71915912744078
165,30000,-108.18445237407971
165,50000,-104.01158818723249
165,70000,-109.81107820151949
166,10000,-101.71545314425076
166,30000,-108.16629990937942
166,50000,-103.99858983014909
166,70000,-109.90295867504662
167,10000,-101.7120019595579
167,30000,-108.14958320756419
167,50000,-103.98782574385376
167,70000,-109.99293764824854
168,10000,-101.70880958015074
168,30000,-108.13431553683152
168,50000,-103.97929798828062
168,70000,-110.08057263185508
169,10000,-101.70587971719988
169,30000,-108.12050836290172
169,50000,-103.97300669503429
169,70000,-110.1654202966609
170,10000,-101.70321578271043
170,30000,-108.10817131426316
170,50000,-103.9689501458249
170,70000,-110.24704016926586
171,10000,-101.70082088626187
171,30000,-108.09731214759596
171,50000,-103.9671248468544
171,70000,-110.32499830978165
172,10000,-101.69869783201176
172,30000,-108.08793671336116
172,50000,-103.96752559842781
172,70000,-110.39887091286433
173,10000,-101.69684911597999
173,30000,-108.08004892175126
173,50000,-103.97014556007399
173,70000,-110.46824777490582
174,10000,-101.69527692361017
174,30000,-108.07365070934593
174,50000,-103.9749763105384
174,70000,-110.53273557722349
175,10000,-101.69398312760002
175,30000,-108.0687420064638
175,50000,-103.98200790263509
175,70000,-110.59196094115893
176,10000,-101.69296928601787
176,30000,-108.06532070573147
176,50000,-103.99122891215819
176,70000,-110.64557321672497
177,10000,-101.69223664069523
177,30000,-108.06338263207395
177,50000,-104.00262648088669
177,70000,-110.69324697771435
178,10000,-101.691786115893
178,30000,-108.06292151442003
178,50000,-104.0161863525689
178,70000,-110.73468420646003
179,10000,-101.69161831725629
179,30000,-108.06392895964481
179,50000,-104.03189290188914
179,70000,-110.76961615840787
180,10000,-101.6917335310469
180,30000,-108.06639442912223
180,50000,-104.04972915536989
180,70000,-110.7978049097138
181,10000,-101.69213172365639
181,30000,-108.07030521825186
181,50000,-104.06967680383687
181,70000,-110.81904459706828
182,10000,-101.69281254140975
182,30000,-108.07564643964234
182,50000,-104.09171620568522
182,70000,-110.83316236707748
183,10000,-101.6937753106454
183,30000,-108.08240101028807
183,50000,-104.11582638040073
183,70000,-110.84001905778594
184,10000,-101.6950190380949
184,30000,-108.09054964341323
184,50000,-104.14198499183982
184,70000,-110.83950963611414
185,10000,-101.69654241153596
185,30000,-108.1000708454678
185,50000,-104.17016832066673
185,70000,-110.83156341922093
186,10000,-101.69834380074363
186,30000,-108.11094091892967
186,50000,-104.20035122566833
186,70000,-110.81614410115486
187,10000,-101.70042125873809
187,30000,-108.12313397149914
187,50000,-104.23250709373318
187,70000,-110.79324960892208
188,10000,-101.70277252331155
188,30000,-108.13662193225005
188,50000,-104.26660777833337
188,70000,-110.76291180195268
189,10000,-101.70539501886005
189,30000,-108.15137457534249
189,50000,-104.30262352655396
189,70000,-110.72519602725072
190,10000,-101.7082858585097
190,30000,-108.16735955208719
190,50000,-104.34052289528427
190,70000,-110.68020053454586
191,10000,-101.71144184653521
191,30000,-108.18454243157824
191,50000,-104.38027265648266
191,70000,-110.62805575172123
192.00000000000003,10000,-101.71485948108509
192.00000000000003,30000,-108.20288675084055
192.00000000000003,50000,-104.42183769294543
192.00000000000003,70000,-110.56892341458386
193,10000,-101.71853495719809
193,30000,-108.222354074766
193,50000,-104.46518088522794
193,70000,-110.50299554377808
194,10000,-101.72246417013051
194,30000,-108.24290406642449
194,50000,-104.51026299085937
194,70000,-110.43049325737218
195,10000,-101.72664271898023
195,30000,-108.2644945681271
195,50000,-104.55704251801457
195,70000,-110.35166541155611
196,10000,-101.73106591061585
196,30000,-108.28708169362643
196,50000,-104.60547559476261
196,70000,-110.26678705912019
197,10000,-101.73572876391279
197,30000,-108.31061993176652
197,50000,-104.65551583670545
197,70000,-110.17615772243657
198,10000,-101.74062601429316
198,30000,-108.33506226159265
198,50000,-104.70711421491859
198,70000,-110.08009948155163
199,10000,-101.74575211857666
199,30000,-108.36036027927491
199,50000,-104.76021892745683
199,70000,-109.97895488192613
200,10000,-101.75110126012976
200,30000,-108.38646433654628
200,50000,-104.81477527692701
200,70000,-109.87308467412342
201.00000000000003,10000,-101.75666735433238
201.00000000000003,30000,-108.41332369061696
201.00000000000003,50000,-104.87072555772961
201.00000000000003,70000,-109.762865404349
202,10000,-101.76244405434545
202,30000,-108.4408866652592
202,50000,-104.92800895631947
202,70000,-109.64868687623861
203,10000,-101.76842475718854
203,30000,-108.4691008225926
203,50000,-104.98656146830564
203,70000,-109.5309495144426
204,10000,-101.7746026101252
204,30000,-108.49791314491279
204,50000,-105.04631583611476
204,70000,-109.41006166033799
205,10000,-101.78097051735199
205,30000,-108.52727022580987
205,50000,-105.1072015110305
205,70000,-109.2864368328209
206,10000,-101.78752114698824
206,30000,-108.55711846978298
206,50000,-105.1691446441202
206,70000,-109.16049099118118
207,10000,-101.7942469383812
207,30000,-108.5874042989833
207,50000,-105.23206810955662
207,70000,-109.03263983166502
208,10000,-101.80114010970792
208,30000,-108.6180743660631
208,50000,-105.29589156425459
208,70000,-108.90329615394778
209,10000,-101.80819266586177
209,30000,-108.64907577153306
209,50000,-105.36053154793493
209,70000,-108.77286732681841
210.00000000000003,10000,-101.81539640666261
210.00000000000003,30000,-108.68035628422967
210.00000000000003,50000,-105.42590162655401
210.00000000000003,70000,-108.64175288131433
211,10000,-101.82274293533607
211,30000,-108.71186456293981
211,50000,-105.49191258219543
211,70000,-108.51034225552608
212,10000,-101.83022366729782
212,30000,-108.74355037757574
212,50000,-105.55847265238762
212,70000,-108.37901271193036
213,10000,-101.83782983921401
213,30000,-108.77536482786164
213,50000,-105.62548782023191
213,70000,-108.24812744264135
214,10000,-101.84555251835133
214,30000,-108.80726055747672
214,50000,-105.69286215665193
214,70000,-108.11803387594213
215,10000,-101.85338261219235
215,30000,-108.83919196160485
215,50000,-105.76049821543324
215,70000,-107.9890621912419
216,10000,-101.861310878332
216,30000,-108.87111538584281
216,50000,-105.82829747988426
216,70000,-107.86152404868801
217,10000,-101.86932793462628
217,30000,-108.90298931427758
217,50000,-105.89616085996892
217,70000,-107.73571153474906
218,10000,-101.87742426960911
218,30000,-108.93477454468844
218,50000,-105.96398923700191
218,70000,-107.61189632221458
219.00000000000003,10000,-101.8855902531474
219.00000000000003,30000,-108.96643434894199
219.00000000000003,50000,-106.03168405164482
219.00000000000003,70000,-107.49032904317409
220,10000,-101.89381614734054
220,30000,-108.99793461652249
220,50000,-106.09914793069274
220,70000,-107.37123886819569
221,10000,-101.90209211765469
221,30000,-109.02924397964244
221,50000,-106.16628534564938
221,70000,-107.25483328678023
222,10000,-101.91040824426938
222,30000,-109.06033391805344
222,50000,-106.23300329609165
222,70000,-107.14129807995562
223,10000,-101.91875453365117
223,30000,-109.09117884247866
223,50000,-106.2992120090519
223,70000,-107.03079747893523
224,10000,-101.92712093030919
224,30000,-109.12175615511609
224,50000,-106.36482564460823
224,70000,-106.92347449792217
225,10000,-101.93549732875144
225,30000,-109.15204628652575
225,50000,-106.42976299802078
225,70000,-106.8194514339089
226,10000,-101.94387358561215
226,30000,-109.18203270801183
226,50000,-106.49394818653556
226,70000,-106.71883052192314
227,10000,-101.95223953194292
227,30000,-109.21170191917682
227,50000,-106.55731131027417
227,70000,-106.62169473559656
228.00000000000003,10000,-101.96058498565164
228.00000000000003,30000,-109.2410434104118
228.00000000000003,50000,-106.61978907509825
228.00000000000003,70000,-106.52810872158774
229,10000,-101.96889976407775
229,30000,-109.27004960045016
229,50000,-106.68132536646158
229,70000,-106.43811985662356
230,10000,-101.9771736966807
230,30000,-109.2987157493121
230,50000,-106.7418717632249
230,70000,-106.35175941295333
230.99999999999997,10000,-101.98539663783826
230.99999999999997,30000,-109.32703984739051
230.99999999999997,50000,-106.80138798109368
230.99999999999997,70000,-106.2690438202925
232.00000000000003,10000,-101.99355847972036
232.00000000000003,30000,-109.35502248146533
232.00000000000003,50000,-106.85984223645619
232.00000000000003,70000,-106.18997600796989
233,10000,-102.00164916524243
233,30000,-109.38266667872996
233,50000,-106.91721152296266
233,70000,-106.1145468120732
234,10000,-102.00965870105645
234,30000,-109.40997773018695
234,50000,-106.9734817938466
234,70000,-106.04273643055207
235,10000,-102.01757717058733
235,30000,-109.43696299500418
235,50000,-107.02864804551086
235,70000,-105.97451590797237
236.00000000000003,10000,-102.02539474706285
236.00000000000003,30000,-109.46363168724764
236.00000000000003,50000,-107.08271429905906
236.00000000000003,70000,-105.90984863120389
237.00000000000003,10000,-102.0331017065567
237.00000000000003,30000,-109.48999464691761
237.00000000000003,50000,-107.13569347886236
237.00000000000003,70000,-105.84869181668867
238,10000,-102.04068844098062
238,30000,-109.51606409716797
238,50000,-107.18760718808484
238,70000,-105.79099796954127
239,10000,-102.04814547104407
239,30000,-109.54185338943184
239,50000,-107.23848538455002
239,70000,-105.73671629514878
239.99999999999997,10000,-102.05546345913336
239.99999999999997,30000,-109.56737673859534
239.99999999999997,50000,-107.2883659600009
239.99999999999997,70000,-105.68579404521984
241.00000000000003,10000,-102.06263322209843
241.00000000000003,30000,-109.59264895007368
241.00000000000003,50000,-107.33729422900791
241.00000000000003,70000,-105.63817777995752
242,10000,-102.06964574393055
242,30000,-109.61768514074174
242,50000,-107.38532233441035
242,70000,-105.5938145317993
243,10000,-102.07649218829522
243,30000,-109.64250045552568
243,50000,-107.43250857674428
243,70000,-105.55265285661959
244,10000,-102.08316391090659
244,30000,-109.66710978167625
244,50000,-107.47891667702275
244,70000,-105.51464376269927
245.00000000000003,10000,-102.0896524717155
245.00000000000003,30000,-109.69152746220107
245.00000000000003,50000,-107.52461498175148
245.00000000000003,70000,-105.47974150798163
246.00000000000003,10000,-102.09594964689819
246.00000000000003,30000,-109.71576701033874
246.00000000000003,50000,-107.56967561967691
246.00000000000003,70000,-105.44790426253226
247,10000,-102.10204744061289
247,30000,-109.73984082654566
247,50000,-107.61417361998434
247,70000,-105.41909463306574
248,10000,-102.1079380964939
248,30000,-109.76375991946693
248,50000,-107.65818600067772
248,70000,-105.3932800516789
248.99999999999997,10000,-102.11361410888259
248.99999999999997,30000,-109.78753363226906
248.99999999999997,50000,-107.70179083588631
248.99999999999997,70000,-105.37043303230162
250.00000000000003,10000,-102.11906823375685
250.00000000000003,30000,-109.81116937563641
250.00000000000003,50000,-107.74506630990265
250.00000000000003,70000,-105.35053130148549
251,10000,-102.12429349933133
251,30000,-109.83467236861563
251,50000,-107.78808976491355
251,70000,-105.3335578127021
252,10000,-102.12928321632516
252,30000,-109.85804538845072
252,50000,-107.83093674811546
252,70000,-105.31950065353229
253,10000,-102.13403098785868
253,30000,-109.88128853041188
253,50000,-107.87368006315859
253,70000,-105.30835285897275
254.00000000000003,10000,-102.13853071896109
254.00000000000003,30000,-109.90439897874664
254.00000000000003,50000,-107.91638882964727
254.00000000000003,70000,-105.30011214250149
255.00000000000003,10000,-102.14277662568021
255.00000000000003,30000,-109.92737078967008
255.00000000000003,50000,-107.95912755288921
255.00000000000003,70000,-105.29478055940879
256,10000,-102.14676324375392
256,30000,-109.95019468737516
256,50000,-108.00195520580063
256,70000,-105.29236411602622
257,10000,-102.15048543683943
257,30000,-109.97285787418419
257,50000,-108.04492432328915
257,70000,-105.29287233910492
258,10000,-102.15393840428217
258,30000,-109.99534385563571
258,50000,-108.08808010840562
258,70000,-105.2963178198429
259,10000,-102.1571176883933
259,30000,-110.01763228192092
259,50000,-108.1314595500504
259,70000,-105.30271574720155
260,10000,-102.16001918122977
260,30000,-110.03969880644186
260,50000,-108.17509054979355
260,70000,-105.31208344401848
261,10000,-102.16263913086253
261,30000,-110.06151496303875
261,50000,-108.21899105648113
261,70000,-105.32443992035655
262,10000,-102.16497414711202
262,30000,-110.08304806296785
262,50000,-108.26316820672874
262,70000,-105.33980545808733
263,10000,-102.16702120673659
263,30000,-110.10426111330446
263,50000,-108.30761746946814
263,70000,-105.3582012387657
264,10000,-102.1687776580759
264,30000,-110.12511275800114
264,50000,-108.35232179336529
264,70000,-105.37964902853503
265,10000,-102.17024122510782
265,30000,-110.14555724355728
265,50000,-108.39725075708033
265,70000,-105.40417093005898
266,10000,-102.17141001094927
266,30000,-110.16554441083132
266,50000,-108.44235972264052
266,70000,-105.43178921307457
267,10000,-102.17228250076589
267,30000,-110.1850197150105
267,50000,-108.48758899498618
267,70000,-105.4625262305862
268,10000,-102.1728575640777
268,30000,-110.20392427561686
268,50000,-108.53286299097162
268,70000,-105.49640442768307
269,10000,-102.17313445648387
269,30000,-110.2221949585344
269,50000,-108.57808942517907
269,70000,-105.53344644690178
270,10000,-102.17311282078407
270,30000,-110.23976449210778
270,50000,-108.62315852100663
270,70000,-105.5736753300623
271,10000,-102.17279268748007
271,30000,-110.25656161936779
271,50000,-108.66794225960359
271,70000,-105.61711481411871
272,10000,-102.17217447469379
272,30000,-110.27251128826222
272,50000,-108.71229368219899
272,70000,-105.6637897153415
273,10000,-102.17125898746474
273,30000,-110.28753488184152
273,50000,-108.75604626500521
273,70000,-105.71372638975822
274,10000,-102.17004741645846
274,30000,-110.30155048979711
274,50000,-108.79901339082514
274,70000,-105.7669532558578
275,10000,-102.16854133606249
275,30000,-110.3144732231938
275,50000,-108.84098794429336
275,70000,-105.82350136016413
276,10000,-102.16674270189674
276,30000,-110.32621557292971
276,50000,-108.88174206375271
276,70000,-105.88340496045299
277,10000,-102.16465384773863
277,30000,-110.33668781296095
277,50000,-108.92102708543489
277,70000,-105.94670209927412
278,10000,-102.1622774818562
278,30000,-110.34579844807084
278,50000,-108.95857372031884
278,70000,-106.01343513366069
279,10000,-102.15961668278686
279,30000,-110.35345470615525
279,50000,-108.99409250695652
279,70000,-106.08365118263873
280,10000,-102.15667489454042
280,30000,-110.35956307325458
280,50000,-109.027274585628
280,70000,-106.15740245130755
281,10000,-102.15345592126396
281,30000,-110.36402986996467
281,50000,-109.05779283949842
281,70000,-106.23474638360527
282,10000,-102.14996392136877
282,30000,-110.36676186609476
282,50000,-109.08530344753545
282,70000,-106.3157455925685
283,10000,-102.1462034011384
283,30000,-110.36766693008785
283,50000,-109.1094478898247
283,70000,-106.40046751274035
284,10000,-102.14217920782362
284,30000,-110.36665470860152
284,50000,-109.12985543932244
284,70000,-106.48898371353542
285,10000,-102.13789652225518
285,30000,-110.3636373307004
285,50000,-109.1461461636362
285,70000,-106.58136880799918
286,10000,-102.13336085098626
286,30000,-110.35853013024072
286,50000,-109.15793444729671
286,70000,-106.67769888583742
287,10000,-102.12857801797684
287,30000,-110.3512523793112
287,50000,-109.1648330275703
287,70000,-106.77804939262606
288,10000,-102.12355415584736
288,30000,-110.34172802429113
288,50000,-109.16645751585925
288,70000,-106.88249237098324
289,10000,-102.11829569671056
289,30000,-110.32988641612891
289,50000,-109.1624313532619
289,70000,-106.99109297026725
290,10000,-102.1128093626261
290,30000,-110.31566302526782
290,50000,-109.1523911238619
290,70000,-107.1039051235229
291,10000,-102.10710215566372
291,30000,-110.29900013163578
291,50000,-109.135992122837
291,70000,-107.22096627931585
292,10000,-102.10118134763073
292,30000,-110.2798474798543
292,50000,-109.11291405153621
292,70000,-107.34229106720308
293,10000,-102.0950544694628
293,30000,-110.25816288985055
293,50000,-109.0828666905241
293,70000,-107.46786376563448
294,10000,-102.08872930031029
294,30000,-110.23391281348104
294,50000,-109.04559538446478
294,70000,-107.59762943296931
295,10000,-102.08221385634494
295,30000,-110.20707282817384
295,50000,-109.00088616359676
295,70000,-107.73148356186142
296,10000,-102.07551637929802
296,30000,-110.17762805943886
296,50000,-108.94857032639015
296,70000,-107.86926012088105
297,10000,-102.06864532477158
297,30000,-110.14557352535888
297,50000,-108.88852831599559
297,70000,-108.01071786892906
298,10000,-102.06160935032658
298,30000,-110.11091439685877
298,50000,-108.82069274454038
298,70000,-108.15552486864532
299,10000,-102.05441730338357
299,30000,-110.07366616966254
299,50000,-108.74505044634576
299,70000,-108.30324119854367
300,10000,-102.04707820895268
300,30000,-110.03385474488911
300,50000,-108.66164347954171
300,70000,-108.45329998249058
301,10000,-102.03960125721602
301,30000,-109.99151641685614
301,50000,-108.57056903774355
301,70000,-108.60498703181543
302,10000,-102.03199579099233
302,30000,-109.946697769031
302,50000,-108.47197827849938
302,70000,-108.75741965516883
303,10000,-102.02427129309152
303,30000,-109.89945547957022
303,50000,-108.36607412111303
303,70000,-108.90952553876014
304,10000,-102.01643737358967
304,30000,-109.84985604065123
304,50000,-108.25310810671795
304,70000,-109.06002305720058
305,10000,-102.0085037570573
305,30000,-109.79797539664705
305,50000,-108.13337644902548
305,70000,-109.20740493293818
306,10000,-102.00048026971933
306,30000,-109.74389850748167
306,50000,-108.00721542936019
306,70000,-109.34992779181114
307,10000,-101.99237682663244
307,30000,-109.68771884495806
307,50000,-107.87499630726776
307,70000,-109.48561080063445
308,10000,-101.98420341883823
308,30000,-109.62953783071256
308,50000,-107.73711992275594
308,70000,-109.6122470874987
309,10000,-101.97597010053892
309,30000,-109.56946422470801
309,50000,-107.59401116354974
309,70000,-109.72743185991226
310,10000,-101.96768697631809
310,30000,-109.50761347424057
310,50000,-107.44611345877576
310,70000,-109.82861079397507
311,10000,-101.9593641884106
311,30000,-109.44410703304189
311,50000,-107.29388344208176
311,70000,-109.9131511261557
312,10000,-101.95101190404714
312,30000,-109.37907166035225
312,50000,-107.13778590338849
312,70000,-109.97843573274852
313,10000,-101.94264030288093
313,30000,-109.3126387094029
313,50000,-106.97828912434454
313,70000,-110.02197732780493
314,10000,-101.93425956452431
314,30000,-109.24494341425998
314,50000,-106.81586066526945
314,70000,-110.04154605191835
315,10000,-101.92587985620102
315,30000,-109.17612418354312
315,50000,-106.6509636466609
315,70000,-110.03529984189967
316,10000,-101.91751132052457
316,30000,-109.10632190848202
316,50000,-106.48405354513257
316,70000,-110.00190405490166
317,10000,-101.90916406343
317,30000,-109.03567929214675
317,50000,-106.31557550498312
317,70000,-109.94062592614009
318,10000,-101.90084814225165
318,30000,-108.96434020566873
318,50000,-106.14596214816123
318,70000,-109.85139127765045
319,10000,-101.89257355398313
319,30000,-108.89244907627267
319,50000,-105.97563185519219
319,70000,-109.73479547424446
320,10000,-101.88435022370246
320,30000,-108.82015031111833
320,50000,-105.80498747863616
320,70000,-109.59206708063412
321,10000,-101.87618799319536
321,30000,-108.74758775990213
321,50000,-105.63441544570621
321,70000,-109.42498950685747
322,10000,-101.86809660977576
322,30000,-108.67490421825386
322,50000,-105.4642852036534
322,70000,-109.23579148958822
323,10000,-101.86008571531684
323,30000,-108.60224097328897
323,50000,-105.29494895976215
323,70000,-109.02702035946015
324,10000,-101.852164835489
324,30000,-108.52973739176703
324,50000,-105.1267416703574
324,70000,-108.80141230232987
325,10000,-101.84434336923096
325,30000,-108.45753055063705
325,50000,-104.95998123373683
325,70000,-108.5617716813495
326,10000,-101.83663057844657
326,30000,-108.38575490939155
326,50000,-104.79496884732173
326,70000,-108.3108679017941
327,10000,-101.82903557794396
327,30000,-108.31454202271424
327,50000,-104.63198949107401
327,70000,-108.0513543251139
328,10000,-101.8215673256023
328,30000,-108.24402029198973
328,50000,-104.47131250505177
328,70000,-107.78571021732117
329,10000,-101.81423461281187
329,30000,-108.17431475357539
329,50000,-104.31319223258618
329,70000,-107.51620411701282
330,10000,-101.80704605513561
330,30000,-108.10554690158799
330,50000,-104.15786870426328
330,70000,-107.24487543692442
331,10000,-101.80001008325456
331,30000,-108.03783454282006
331,50000,-104.00556834285652
331,70000,-106.97353045541503
332,10000,-101.79313493415859
332,30000,-107.97129168127205
332,50000,-103.85650467168341
332,70000,-106.703748855768
333,10000,-101.78642864260797
333,30000,-107.90602842960169
333,50000,-103.71087901347019
333,70000,-106.43689738423683
334,10000,-101.77989903285504
334,30000,-107.84215094513372
334,50000,-103.56888116849939
334,70000,-106.17414780267407
335,10000,-101.7735537106424
335,30000,-107.77976138756445
335,50000,-103.43069006432094
335,70000,-105.91649695862077
336,10000,-101.76740005547458
336,30000,-107.71895789616954
336,50000,-103.29647437058155
336,70000,-105.66478739237162
337,10000,-101.76144521315601
337,30000,-107.65983458389726
337,50000,-103.16639307536364
337,70000,-105.41972740711205
338,10000,-101.75569608861335
338,30000,-107.60248154621137
338,50000,-103.04059602019565
338,70000,-105.18190992216178
339,10000,-101.75015933898788
339,30000,-107.54698488244262
339,50000,-102.91922439242668
339,70000,-104.95182972908177
340,10000,-101.74484136701469
340,30000,-107.4934267276963
340,50000,-102.80241117496203
340,70000,-104.72989898172806
341,10000,-101.73974831468277
341,30000,-107.44188529346357
341,50000,-102.69028155384513
341,70000,-104.51646089094068
342,10000,-101.7348860571594
342,30000,-107.39243491512448
342,50000,-102.58295328475788
342,70000,-104.31180168972973
343,10000,-101.73026019703354
343,30000,-107.34514610488895
343,50000,-102.48053702063191
343,70000,-104.11616098360514
344,10000,-101.72587605879487
344,30000,-107.30008560867506
344,50000,-102.38313660203856
344,70000,-103.92974063053623
345,10000,-101.72173868364177
345,30000,-107.25731646567658
345,50000,-102.29084931293872
345,70000,-103.75271230165473
346,10000,-101.71785282454334
346,30000,-107.21689806939489
346,50000,-102.20376610422863
346,70000,-103.58522387442568
347,10000,-101.71422294160193
347,30000,-107.17888622917599
347,50000,-102.12197178770299
347,70000,-103.42740480003606
348,10000,-101.71085319769942
348,30000,-107.14333323132425
348,50000,-102.04554520286388
348,70000,-103.27937057458027
349,10000,-101.70774745442787
349,30000,-107.11028789879407
349,50000,-101.97455935939489
349,70000,-103.1412264328109
350,10000,-101.70490926830973
350,30000,-107.07979564914237
350,50000,-101.90908155729221
350,70000,-103.01307036631343
351,10000,-101.70234188730633
351,30000,-107.0518985496108
351,50000,-101.84917348752704
351,70000,-102.89499555852204
352,10000,-101.70004824761318
352,30000,-107.02663536920798
352,50000,-101.7948913147933
352,70000,-102.78709231471692
353,10000,-101.69803097074649
353,30000,-107.0040416270509
353,50000,-101.7462857449698
353,70000,-102.68944955601415
354,10000,-101.69629236092348
354,30000,-106.98414963669009
354,50000,-101.70340207827672
354,70000,-102.60215593552485
355,10000,-101.6948344027285
355,30000,-106.9669885459828
355,50000,-101.66628025073366
355,70000,-102.52530062771534
356,10000,-101.69365875907133
356,30000,-106.95258437221946
356,50000,-101.63495486431502
356,70000,-102.458973832753
357,10000,-101.6927667694482
357,30000,-106.94096003236766
357,50000,-101.60945520755848
357,70000,-102.40326703201146
358,10000,-101.69215944847977
358,30000,-106.93213536794423
358,50000,-101.58980526732861
358,70000,-102.35827302389204
359,10000,-101.69183748476308
359,30000,-106.92612716461683
359,50000,-101.57602373255644
359,70000,-102.32408576384614
360,10000,-101.69180124000769
360,30000,-106.92294916621532
360,50000,-101.56812399028276
360,70000,-102.30080002661644
