Frequency_Hz,TargetStrength_dB_re_1m
50,-124.865001036093
140.04004004004,-106.974541580719
230.08008008008,-98.3510852121728
320.12012012012,-92.6161284912256
410.16016016016,-88.3136956731961
500.2002002002,-84.8700534550495
590.24024024024,-81.9994145806569
680.28028028028,-79.5385971722996
770.320320320321,-77.3855896274608
860.36036036036,-75.4723455575514
950.4004004004,-73.7512005189558
1040.44044044044,-72.187465956951
1130.48048048048,-70.7551086426591
1220.52052052052,-69.4340909992814
1310.56056056056,-68.2086605567777
1400.6006006006,-67.0662090281933
1490.64064064064,-65.9964875287929
1580.68068068068,-64.9910523370672
1670.72072072072,-64.0428644184477
1760.76076076076,-63.1459942023172
1850.8008008008,-62.29540006901
1940.84084084084,-61.4867595095341
2030.88088088088,-60.7163386086662
2120.92092092092,-59.9808898653086
2210.96096096096,-59.2775712738709
2301.001001001,-58.6038815698701
2391.04104104104,-57.9576079138084
2481.08108108108,-57.3367832524057
2571.12112112112,-56.7396512857991
2661.16116116116,-56.1646374688045
2751.2012012012,-55.6103248407381
2841.24124124124,-55.0754337502299
2931.28128128128,-54.5588047454661
3021.32132132132,-54.0593840549001
3111.36136136136,-53.5762112017192
3201.4014014014,-53.108408386608
3291.44144144144,-52.6551713443332
3381.48148148148,-52.2157614353338
3471.52152152152,-51.7894987774443
3561.56156156156,-51.3757562578208
3651.6016016016,-50.9739542931011
3741.64164164164,-50.5835562283337
3831.68168168168,-50.2040642834411
3921.72172172172,-49.8350159708164
4011.76176176176,-49.4759809197957
4101.8018018018,-49.1265580537355
4191.84184184184,-48.7863730736737
4281.88188188188,-48.4550762094003
4371.92192192192,-48.1323402044731
4461.96196196196,-47.8178585064898
4552.002002002,-47.5113436379383
4642.04204204204,-47.2125257263381
4732.08208208208,-46.9211511752416
4822.12212212212,-46.6369814601048
4912.16216216216,-46.3597920351031
5002.2022022022,-46.089371338744
5092.24224224224,-45.8255198876451
5182.28228228228,-45.5680494491528
5272.32232232232,-45.3167822846029
5362.36236236236,-45.071550455999
5452.4024024024,-44.8321951897279
5542.44244244244,-44.5985662916662
5632.48248248248,-44.3705216086707
5722.52252252252,-44.1479265320039
5812.56256256256,-43.930653538736
5902.6026026026,-43.7185817675914
5992.64264264264,-43.5115966260869
6082.68268268268,-43.3095894261399
6172.72272272272,-43.1124570456192
6262.76276276277,-42.9201016135687
6352.8028028028,-42.7324302170667
6442.84284284284,-42.5493546278855
6532.88288288288,-42.3707910472983
6622.92292292292,-42.196659867543
6712.96296296296,-42.0268854485955
6803.003003003,-41.8613959090337
6893.04304304304,-41.7001229298917
6983.08308308308,-41.5430015705025
7073.12312312312,-41.3899700954242
7163.16316316316,-41.240969811626
7253.2032032032,-41.0959449151847
7343.24324324325,-40.9548423468116
7433.28328328329,-40.817611655588
7523.32332332332,-40.6842048703432
7613.36336336337,-40.5545763781581
7703.40340340341,-40.4286828095208
7793.44344344345,-40.3064829297005
7883.48348348349,-40.1879375359433
7973.52352352353,-40.0730093601218
8063.56356356356,-39.9616629765036
8153.60360360361,-39.8538647143259
8243.64364364365,-39.7495825748884
8333.68368368368,-39.6487861528958
8423.72372372372,-39.5514465617992
8513.76376376377,-39.4575363629022
8603.8038038038,-39.3670294980105
8693.84384384385,-39.2799012254145
8783.88388388389,-39.1961280590073
8873.92392392393,-39.1156877103437
8963.96396396397,-39.0385590334588
9054.00400400401,-38.9647219722625
9144.04404404405,-38.8941575103364
9234.08408408409,-38.8268476229566
9324.12412412413,-38.7627752311689
9414.16416416417,-38.7019241577425
9504.20420420421,-38.6442790848234
9594.24424424425,-38.5898255131087
9684.28428428429,-38.5385497223555
9774.32432432433,-38.4904387330325
9864.36436436436,-38.4454802689149
9954.40440440441,-38.4036627204141
10044.4444444444,-38.3649751084222
10134.4844844845,-38.3294070484395
10224.5245245245,-38.2969487147396
10314.5645645646,-38.2675908043098
10404.6046046046,-38.2413245002882
10494.6446446446,-38.2181414345981
10584.6846846847,-38.1980336494598
10674.7247247247,-38.1809935574338
10764.7647647648,-38.1670138996263
10854.8048048048,-38.156087701655
10944.8448448448,-38.1482082269434
11034.8848848849,-38.1433689268767
11124.9249249249,-38.141563387313
11214.964964965,-38.142785270902
11305.005005005,-38.1470282546183
11395.045045045,-38.1542859618645
11485.0850850851,-38.1645518884482
11575.1251251251,-38.1778193216738
11665.1651651652,-38.1940812517312
11755.2052052052,-38.2133302744892
11845.2452452452,-38.2355584847319
11935.2852852853,-38.260757358793
12025.3253253253,-38.2889176254602
12115.3653653654,-38.3200291239293
12205.4054054054,-38.3540806474927
12295.4454454454,-38.3910597715457
12385.4854854855,-38.4309526643899
12475.5255255255,-38.4737438792021
12565.5655655656,-38.5194161254304
12655.6056056056,-38.5679500177657
12745.6456456456,-38.6193238007318
12835.6856856857,-38.6735130468309
12925.7257257257,-38.7304903260931
13015.7657657658,-38.7902248447979
13105.8058058058,-38.8526820510794
13195.8458458458,-38.9178232051008
13285.8858858859,-38.9856049114955
13375.9259259259,-39.0559786118365
13465.965965966,-39.1288900350244
13556.006006006,-39.2042786036993
13646.046046046,-39.2820767950948
13736.0860860861,-39.3622094552019
13826.1261261261,-39.444593065702
13916.1661661662,-39.5291349639208
14006.2062062062,-39.6157325170539
14096.2462462462,-39.7042722531835
14186.2862862863,-39.7946289531652
14276.3263263263,-39.8866647093731
14366.3663663664,-39.9802279595703
14456.4064064064,-40.0751525068848
14546.4464464464,-40.1712565400166
14636.4864864865,-40.2683416714243
14726.5265265265,-40.366192015318
14816.5665665666,-40.4645733317983
14906.6066066066,-40.5632322683511
14996.6466466466,-40.6618957350352
15086.6866866867,-40.7602704548831
15176.7267267267,-40.8580427360494
15266.7667667668,-40.9548785167426
15356.8068068068,-41.0504237375515
15446.8468468468,-41.1443050979264
15536.8868868869,-41.2361312537181
15626.9269269269,-41.3254945101761
15716.966966967,-41.4119730590309
15807.007007007,-41.4951337986131
15897.0470470471,-41.5745357619328
15987.0870870871,-41.6497341589708
16077.1271271271,-41.7202850161802
16167.1671671672,-41.7857503688047
16257.2072072072,-41.8457039310549
16347.2472472472,-41.8997371369196
16437.2872872873,-41.9474654124397
16527.3273273273,-41.9885345110653
16617.3673673674,-42.0226267199365
16707.4074074074,-42.0494667292665
16797.4474474475,-42.0688269518055
16887.4874874875,-42.0805320863684
16977.5275275275,-42.0844627393516
17067.5675675676,-42.0805579506663
17157.6076076076,-42.068816513912
17247.6476476476,-42.0492970321157
17337.6876876877,-42.0221167062683
17427.7277277277,-41.987448910005
17517.7677677678,-41.9455196558871
17607.8078078078,-41.896603103077
17697.8478478479,-41.8410162898602
17787.8878878879,-41.7791132956843
17877.9279279279,-41.7112790456434
17967.967967968,-41.6379229662708
18058.008008008,-41.5594726867722
18148.048048048,-41.4763679567289
18238.0880880881,-41.3890549225081
18328.1281281281,-41.2979808728173
18418.1681681682,-41.2035895315126
18508.2082082082,-41.1063169449556
18598.2482482483,-41.0065879834639
18688.2882882883,-40.9048134527022
18778.3283283283,-40.8013877917354
18868.3683683684,-40.696687319978
18958.4084084084,-40.591068985195
19048.4484484485,-40.4848695585672
19138.4884884885,-40.3784052200379
19228.5285285285,-40.2719714770677
19318.5685685686,-40.1658433618941
19408.6086086086,-40.0602758558534
19498.6486486487,-39.9555044937442
19588.6886886887,-39.8517461061897
19678.7287287287,-39.7491996631311
19768.7687687688,-39.6480471867193
19858.8088088088,-39.5484547067722
19948.8488488489,-39.4505732365091
20038.8888888889,-39.3545397503948
20128.9289289289,-39.2604781495846
20218.968968969,-39.1685002036547
20309.009009009,-39.0787064600442
20399.0490490491,-38.9911871149562
20489.0890890891,-38.9060228413977
20579.1291291291,-38.8232855716283
20669.1691691692,-38.7430392325739
20759.2092092092,-38.6653404337819
20849.2492492493,-38.5902391082944
20939.2892892893,-38.5177791074246
21029.3293293293,-38.4479987508692
21119.3693693694,-38.3809313339144
21209.4094094094,-38.3166055937022
21299.4494494495,-38.2550461366554
21389.4894894895,-38.1962738292196
21479.5295295295,-38.1403061540863
21569.5695695696,-38.0871575340292
21659.6096096096,-38.0368396254215
21749.6496496497,-37.9893615834118
21839.6896896897,-37.944730300637
21929.7297297297,-37.9029506212333
22019.7697697698,-37.864025531787
22109.8098098098,-37.8279563307412
22199.8498498499,-37.7947427776528
22289.8898898899,-37.7643832235643
22379.9299299299,-37.7368747236389
22469.96996997,-37.7122131330846
22560.01001001,-37.6903931872792
22650.0500500501,-37.6714085668988
22740.0900900901,-37.6552519487443
22830.1301301301,-37.6419150428595
22920.1701701702,-37.631388616438
23010.2102102102,-37.6236625049224
23100.2502502503,-37.6187256106106
23190.2902902903,-37.6165658890014
23280.3303303303,-37.6171703230287
23370.3703703704,-37.6205248852595
23460.4104104104,-37.6266144880575
23550.4504504505,-37.635422921645
23640.4904904905,-37.6469327799317
23730.5305305305,-37.6611253739204
23820.5705705706,-37.6779806324395
23910.6106106106,-37.6974769899082
24000.6506506507,-37.719591260789
24090.6906906907,-37.7442985003503
24180.7307307307,-37.7715718513263
24270.7707707708,-37.8013823760468
24360.8108108108,-37.8336988735933
24450.8508508509,-37.8684876815462
24540.8908908909,-37.9057124619049
24630.9309309309,-37.9453339707971
24720.970970971,-37.9873098116555
24811.011011011,-38.0315941716216
24901.0510510511,-38.0781375410475
24991.0910910911,-38.1268864161162
25081.1311311311,-38.1777829847855
25171.1711711712,-38.2307647964906
25261.2112112112,-38.2857644163247
25351.2512512513,-38.3427090647572
25441.2912912913,-38.4015202443506
25531.3313313313,-38.4621133554186
25621.3713713714,-38.5243973031167
25711.4114114114,-38.5882740990985
25801.4514514515,-38.6536384615944
25891.4914914915,-38.7203774185892
25981.5315315315,-38.788369919685
26071.5715715716,-38.8574864632339
26161.6116116116,-38.9275887464103
26251.6516516517,-38.9985293470397
26341.6916916917,-39.0701514472064
26431.7317317317,-39.1422886098828
26521.7717717718,-39.214764621032
26611.8118118118,-39.287393410782
26701.8518518519,-39.3599790682873
26791.8918918919,-39.432315965724
26881.9319319319,-39.5041890074099
26971.971971972,-39.5753740202156
27062.012012012,-39.6456383011324
27152.0520520521,-39.7147413369781
27242.0920920921,-39.7824357096508
27332.1321321321,-39.8484681979852
27422.1721721722,-39.912581084049
27512.2122122122,-39.9745136675862
27602.2522522523,-40.0340039872706
27692.2922922923,-40.0907907415028
27782.3323323323,-40.1446153947967
27872.3723723724,-40.1952244485172
27962.4124124124,-40.2423718471112
28052.4524524525,-40.2858214833378
28142.4924924925,-40.3253497587489
28232.5325325325,-40.3607481492159
28322.5725725726,-40.3918257201036
28412.6126126126,-40.4184115321939
28502.6526526527,-40.4403568780396
28592.6926926927,-40.4575372893848
28682.7327327327,-40.4698542597845
28772.7727727728,-40.4772366326117
28862.8128128128,-40.4796416130959
28952.8528528529,-40.4770553735639
29042.8928928929,-40.4694932331726
29132.9329329329,-40.4569994065199
29222.972972973,-40.4396463289185
29313.013013013,-40.4175335790978
29403.0530530531,-40.3907864319947
29493.0930930931,-40.3595540845114
29583.1331331331,-40.324007605198
29673.1731731732,-40.2843376644548
29763.2132132132,-40.2407521049292
29853.2532532533,-40.1934734123247
29943.2932932933,-40.1427361450608
30033.3333333333,-40.088784377409
30123.3733733734,-40.031869205306
30213.4134134134,-39.9722463574208
30303.4534534535,-39.9101739467122
30393.4934934935,-39.8459103900506
30483.5335335335,-39.7797125158961
30573.5735735736,-39.7118338728257
30663.6136136136,-39.6425232451235
30753.6536536537,-39.5720233758671
30843.6936936937,-39.5005698930404
30933.7337337337,-39.4283904302325
31023.7737737738,-39.3557039304064
31113.8138138138,-39.2827201190034
31203.8538538539,-39.209639131198
31293.8938938939,-39.1366512773386
31383.9339339339,-39.0639369303914
31473.973973974,-38.9916665194515
31564.014014014,-38.9200006139823
31654.0540540541,-38.8490900843105
31744.0940940941,-38.7790763249491
31834.1341341341,-38.7100915284808
31924.1741741742,-38.6422589989484
32014.2142142142,-38.5756934949204
32104.2542542543,-38.510501593595
32194.2942942943,-38.4467820684471
32284.3343343343,-38.3846262739931
32374.3743743744,-38.3241185322331
32464.4144144144,-38.2653365162241
32554.4544544545,-38.2083516270441
32644.4944944945,-38.1532293611162
32734.5345345345,-38.1000296654866
32824.5745745746,-38.0488072791919
32914.6146146146,-37.9996120593164
33004.6546546547,-37.9524892907327
33094.6946946947,-37.9074799788514
33184.7347347347,-37.8646211249815
33274.7747747748,-37.8239459841246
33364.8148148148,-37.7854843052114
33454.8548548549,-37.7492625539286
33544.8948948949,-37.7153041183976
33634.9349349349,-37.6836294980459
33724.974974975,-37.6542564760752
33815.015015015,-37.6272002759637
33905.0550550551,-37.602473702468
33995.0950950951,-37.5800872675938
34085.1351351351,-37.560049302005
34175.1751751752,-37.5423660523274
34265.2152152152,-37.527041764786
34355.2552552553,-37.5140787555881
34445.2952952953,-37.5034774684386
34535.3353353353,-37.4952365195407
34625.3753753754,-37.4893527304028
34715.4154154154,-37.4858211487375
34805.4554554555,-37.4846350577061
34895.4954954955,-37.4857859737264
34985.5355355355,-37.4892636330301
35075.5755755756,-37.4950559671283
35165.6156156156,-37.5031490673118
35255.6556556557,-37.5135271382943
35345.6956956957,-37.5261724410831
35435.7357357357,-37.5410652251491
35525.7757757758,-37.558183649959
35615.8158158158,-37.5775036959296
35705.8558558559,-37.5989990648714
35795.8958958959,-37.6226410700014
35885.9359359359,-37.6483985156312
35975.975975976,-37.6762375666711
36066.016016016,-37.7061216081419
36156.0560560561,-37.7380110949475
36246.0960960961,-37.7718633922429
36336.1361361361,-37.8076326068298
36426.1761761762,-37.8452694101292
36516.2162162162,-37.884720853423
36606.2562562563,-37.9259301762172
36696.2962962963,-37.9688366087747
36786.3363363363,-38.0133751700765
36876.3763763764,-38.0594764627285
36966.4164164164,-38.1070664665965
37056.4564564565,-38.1560663332743
37146.4964964965,-38.2063921838214
37236.5365365365,-38.2579549125861
37326.5765765766,-38.3106600003242
37416.6166166166,-38.3644073402551
37506.6566566567,-38.4190910811374
37596.6966966967,-38.4745994919106
37686.7367367367,-38.5308148529049
37776.7767767768,-38.58761337908
37866.8168168168,-38.6448651811796
37956.8568568569,-38.7024342710753
38046.8968968969,-38.7601786178969
38136.9369369369,-38.8179502617796
38226.976976977,-38.87559549218
38317.017017017,-38.9329550976793
38407.0570570571,-38.9898646939946
38497.0970970971,-39.0461551364969
38587.1371371371,-39.1016530228864
38677.1771771772,-39.1561812907456
38767.2172172172,-39.2095599134791
38857.2572572573,-39.2616066966263
38947.2972972973,-39.312138174697
39037.3373373373,-39.3609706065486
39127.3773773774,-39.4079210649035
39217.4174174174,-39.4528086129603
39307.4574574575,-39.4954555582275
39397.4974974975,-39.5356887707917
39487.5375375376,-39.5733410503309
39577.5775775776,-39.6082525234033
39667.6176176176,-39.6402720500178
39757.6576576577,-39.669258616362
39847.6976976977,-39.6950826889551
39937.7377377377,-39.7176275045314
40027.7777777778,-39.7367902697515
40117.8178178178,-39.7524832454547
40207.8578578579,-39.7646346916498
40297.8978978979,-39.773189651786
40387.9379379379,-39.7781105580035
40477.977977978,-39.7793776429448
40568.018018018,-39.7769891481624
40658.0580580581,-39.7709613240313
40748.0980980981,-39.7613282211526
40838.1381381381,-39.7481412783186
40928.1781781782,-39.7314687169759
41018.2182182182,-39.7113947565856
41108.2582582583,-39.6880186691608
41198.2982982983,-39.6614536944173
41288.3383383383,-39.6318258393266
41378.3783783784,-39.5992725873421
41468.4184184184,-39.5639415431876
41558.4584584585,-39.5259890388936
41648.4984984985,-39.485578725804
41738.5385385385,-39.4428801756714
41828.5785785786,-39.398067511828
41918.6186186186,-39.3513180888971
42008.6586586587,-39.3028112367321
42098.6986986987,-39.252727081365
42188.7387387387,-39.2012454528343
42278.7787787788,-39.1485448869349
42368.8188188188,-39.0948017252862
42458.8588588589,-39.0401893157015
42548.8988988989,-38.9848773126977
42638.9389389389,-38.9290310761599
42728.978978979,-38.8728111646482
42819.019019019,-38.8163729186166
42909.0590590591,-38.7598661278978
42999.0990990991,-38.7034347771395
43089.1391391391,-38.6472168624803
43179.1791791792,-38.5913442725297
43269.2192192192,-38.535942726709
43359.2592592593,-38.4811317641102
43449.2992992993,-38.4270247762803
43539.3393393393,-38.3737290776533
43629.3793793794,-38.3213460077432
43719.4194194194,-38.2699710596405
43809.4594594595,-38.2196940298091
43899.4994994995,-38.1705991846463
43989.5395395395,-38.1227654397237
44079.5795795796,-38.076266548081
44169.6196196196,-38.0311712943681
44259.6596596597,-37.9875436920361
44349.6996996997,-37.9454431811514
44439.7397397397,-37.9049248247522
44529.7797797798,-37.8660395019801
44619.8198198198,-37.8288340965002
44709.8598598599,-37.793351678977
44799.8998998999,-37.7596316825943
44889.9399399399,-37.7277100708042
44979.97997998,-37.697619496658
45070.02002002,-37.6693894532229
45160.0600600601,-37.6430464147082
45250.1001001001,-37.6186139680331
45340.1401401402,-37.5961129346589
45430.1801801802,-37.5755614825773
45520.2202202202,-37.55697522841
45610.2602602603,-37.5403673296212
45700.3003003003,-37.5257485668835
45790.3403403403,-37.513127416665
45880.3803803804,-37.5025101141317
45970.4204204204,-37.4939007064695
46060.4604604605,-37.4873010967466
46150.5005005005,-37.482711078441
46240.5405405405,-37.4801283607645
46330.5805805806,-37.479548584915
46420.6206206206,-37.4809653313925
46510.6606606607,-37.484370118516
46600.7007007007,-37.4897523922767
46690.7407407408,-37.497099507672
46780.7807807808,-37.5063967016647
46870.8208208208,-37.5176270579245
46960.8608608609,-37.5307714635171
47050.9009009009,-37.5458085577251
47140.9409409409,-37.5627146732056
47230.980980981,-37.5814637697152
47321.021021021,-37.6020273606697
47411.0610610611,-37.6243744328444
47501.1011011011,-37.6484713595753
47591.1411411411,-37.674281807876
47681.1811811812,-37.701766639958
47771.2212212212,-37.7308838097232
47861.2612612613,-37.7615882548872
47951.3013013013,-37.7938317855003
48041.3413413414,-37.8275629697488
48131.3813813814,-37.8627270180539
48221.4214214214,-37.8992656666301
48311.4614614615,-37.9371170618247
48401.5015015015,-37.9762156467361
48491.5415415415,-38.0164920517937
48581.5815815816,-38.0578729911804
48671.6216216216,-38.1002811671897
48761.6616616617,-38.1436351848227
48851.7017017017,-38.1878494791524
48941.7417417418,-38.2328342582006
49031.7817817818,-38.2784954642889
49121.8218218218,-38.3247347570265
49211.8618618619,-38.3714495212809
49301.9019019019,-38.4185329036314
49391.9419419419,-38.4658738809253
49481.981981982,-38.5133573646196
49572.022022022,-38.5608643446033
49662.0620620621,-38.6082720761245
49752.1021021021,-38.6554543132961
49842.1421421422,-38.7022815924029
49932.1821821822,-38.7486215678657
50022.2222222222,-38.7943394032387
50112.2622622623,-38.8392982189968
50202.3023023023,-38.8833595981204
50292.3423423424,-38.9263841495976
50382.3823823824,-38.9682321289416
50472.4224224224,-39.0087641136738
50562.4624624625,-39.0478417304736
50652.5025025025,-39.0853284293506
50742.5425425425,-39.121090298807
50832.5825825826,-39.154996914541
50922.6226226226,-39.1869222128629
51012.6626626627,-39.216745378681
51102.7027027027,-39.2443517367404
51192.7427427428,-39.2696336337973
51282.7827827828,-39.292491298655
51372.8228228228,-39.3128336665135
51462.8628628629,-39.3305791539418
51552.9029029029,-39.3456563709957
51642.9429429429,-39.3580047576011
51732.982982983,-39.3675751322992
51823.023023023,-39.3743301427997
51913.0630630631,-39.3782446094753
52003.1031031031,-39.3793057549152
52093.1431431432,-39.377513314872
52183.1831831832,-39.3728795283129
52273.2232232232,-39.3654290067434
52363.2632632633,-39.3551984854247
52453.3033033033,-39.3422364614629
52543.3433433433,-39.3266027259399
52633.3833833834,-39.3083677992012
52723.4234234234,-39.2876122800614
52813.4634634635,-39.2644261209854
52903.5035035035,-39.2389078422329
52993.5435435436,-39.2111636984948
53083.5835835836,-39.1813068117141
53173.6236236236,-39.1494562835969
53263.6636636637,-39.1157363008002
53353.7037037037,-39.0802752449916
53443.7437437438,-39.0432048189512
53533.7837837838,-39.0046591986842
53623.8238238238,-38.9647742201928
53713.8638638639,-38.9236866081626
53803.9039039039,-38.881533252408
53893.943943944,-38.8384505365332
53983.983983984,-38.7945737219345
54074.024024024,-38.7500363890303
54164.0640640641,-38.7049699364748
54254.1041041041,-38.6595031381081
54344.1441441442,-38.6137617565256
54434.1841841842,-38.5678682114177
54524.2242242242,-38.5219413002331
54614.2642642643,-38.4760959682518
54704.3043043043,-38.4304431248085
54794.3443443443,-38.3850895021658
54884.3843843844,-38.3401375534009
54974.4244244244,-38.2956853856117
55064.4644644645,-38.2518267247662
55154.5045045045,-38.2086509085938
55244.5445445446,-38.1662429040411
55334.5845845846,-38.1246833459766
55424.6246246246,-38.0840485940122
55514.6646646647,-38.0444108045197
55604.7047047047,-38.0058380151343
55694.7447447448,-37.9683942392603
55784.7847847848,-37.9321395683151
55874.8248248248,-37.8971302796663
55964.8648648649,-37.8634189484255
56054.9049049049,-37.8310545614623
56144.944944945,-37.8000826321921
56234.984984985,-37.770545314864
56325.025025025,-37.7424815172402
56415.0650650651,-37.7159270107059
56505.1051051051,-37.6909145369827
56595.1451451452,-37.6674739107422
56685.1851851852,-37.6456321175254
56775.2252252252,-37.6254134064696
56865.2652652653,-37.6068393774327
56955.3053053053,-37.5899290621805
57045.3453453454,-37.574698999366
57135.3853853854,-37.5611633030943
57225.4254254254,-37.5493337249102
57315.4654654655,-37.5392197090948
57405.5055055055,-37.5308284411915
57495.5455455455,-37.5241648897196
57585.5855855856,-37.5192318410562
57675.6256256256,-37.5160299274995
57765.6656656657,-37.5145576485446
57855.7057057057,-37.5148113854263
57945.7457457457,-37.5167854090016
58035.7857857858,-37.5204718810667
58125.8258258258,-37.525860849219
58215.8658658659,-37.5329402353968
58305.9059059059,-37.541695818251
58395.945945946,-37.5521112095262
58485.985985986,-37.5641678246519
58576.026026026,-37.5778448477787
58666.0660660661,-37.5931191915217
58756.1061061061,-37.6099654517134
58846.1461461462,-37.6283558575079
58936.1861861862,-37.6482602172276
59026.2262262262,-37.6696458603925
59116.2662662663,-37.6924775764335
59206.3063063063,-37.7167175506556
59296.3463463464,-37.7423252980877
59386.3863863864,-37.7692575959364
59476.4264264264,-37.7974684154446
59566.4664664665,-37.8269088540522
59656.5065065065,-37.8575270688508
59746.5465465466,-37.889268212437
59836.5865865866,-37.922074372373
59926.6266266266,-37.9558845155858
60016.6666666667,-37.9906344391519
60106.7067067067,-38.0262567290353
60196.7467467468,-38.0626807284701
60286.7867867868,-38.0998325177912
60376.8268268268,-38.1376349076316
60466.8668668669,-38.1760074475022
60556.9069069069,-38.2148664518593
60646.9469469469,-38.25412504583
60736.986986987,-38.2936932328109
60827.027027027,-38.3334779861712
60917.0670670671,-38.3733833672662
61007.1071071071,-38.4133106719087
61097.1471471472,-38.4531586073318
61187.1871871872,-38.4928235015142
61277.2272272272,-38.5321995465146
61367.2672672673,-38.5711790771745
61457.3073073073,-38.609652886191
61547.3473473474,-38.6475105761391
61637.3873873874,-38.6846409485214
61727.4274274274,-38.7209324293636
61817.4674674675,-38.7562735302376
61907.5075075075,-38.7905533429144
61997.5475475476,-38.8236620651101
62087.5875875876,-38.8554915540242
62177.6276276276,-38.8859359035861
62267.6676676677,-38.9148920405474
62357.7077077077,-38.9422603338055
62447.7477477478,-38.9679452106411
62537.7877877878,-38.9918557729295
62627.8278278278,-39.0139064058639
62717.8678678679,-39.0340173713338
62807.9079079079,-39.0521153778611
62897.947947948,-39.0681341189263
62987.987987988,-39.0820147716282
63078.028028028,-39.0937064479354
63168.0680680681,-39.1031665912905
63258.1081081081,-39.1103613120333
63348.1481481482,-39.1152656559873
63438.1881881882,-39.1178638015952
63528.2282282282,-39.1181491821702
63618.2682682683,-39.1161245311001
63708.3083083083,-39.1118018491918
63798.3483483484,-39.1052022947032
63888.3883883884,-39.096355997967
63978.4284284284,-39.0853018037982
64068.4684684685,-39.0720869460801
64158.5085085085,-39.0567666599933
64248.5485485486,-39.0394037382648
64338.5885885886,-39.0200680385541
64428.6286286286,-38.998835949638
64518.6686686687,-38.9757898244045
64608.7087087087,-38.9510173878178
64698.7487487488,-38.9246111279847
64788.7887887888,-38.8966676782364
64878.8288288288,-38.86728719778
64968.8688688689,-38.8365727579724
65058.9089089089,-38.8046297406645
65148.948948949,-38.771565254374
65238.988988989,-38.7374875733027
65329.029029029,-38.7025056034372
65419.0690690691,-38.6667283791893
65509.1091091091,-38.6302645932606
65599.1491491491,-38.5932221616781
65689.1891891892,-38.5557078252441
65779.2292292292,-38.5178267880113
65869.2692692693,-38.4796823928066
65959.3093093093,-38.441375833326
66049.3493493494,-38.4030059018764
66139.3893893894,-38.3646687714749
66229.4294294295,-38.3264578107157
66319.4694694695,-38.2884634295773
66409.5095095095,-38.2507729541702
66499.5495495496,-38.213470528303
66589.5895895896,-38.1766370396754
66679.6296296296,-38.1403500684789
66769.6696696697,-38.1046838561935
66859.7097097097,-38.0697092924081
66949.7497497498,-38.0354939175596
67039.7897897898,-38.0021019395676
67129.8298298298,-37.9695942624423
67219.8698698699,-37.9380285250537
67309.9099099099,-37.9074591483699
67399.94994995,-37.877937389591
67489.98998999,-37.8495114017308
67580.03003003,-37.82222629732
67670.0700700701,-37.7961242150246
67760.1101101101,-37.7712443880878
67850.1501501502,-37.747623213616
67940.1901901902,-37.7252943218307
68030.2302302302,-37.7042886445112
68120.2702702703,-37.6846344819386
68210.3103103103,-37.6663575677426
68300.3503503504,-37.6494811311238
68390.3903903904,-37.6340259560027
68480.4304304304,-37.6200104367064
68570.4704704705,-37.6074506298665
68660.5105105105,-37.596360302255
68750.5505505506,-37.5867509743342
68840.5905905906,-37.5786319593397
68930.6306306306,-37.5720103977599
69020.6706706707,-37.5668912871072
69110.7107107107,-37.5632775069154
69200.7507507508,-37.5611698389258
69290.7907907908,-37.560566982456
69380.8308308308,-37.5614655649726
69470.8708708709,-37.5638601479179
69560.9109109109,-37.5677432278648
69650.950950951,-37.5731052331036
69740.990990991,-37.5799345157901
69831.031031031,-37.5882173398123
69921.0710710711,-37.5979378645626
70011.1111111111,-37.6090781248338
70101.1511511512,-37.6216180070899
70191.1911911912,-37.6355352223971
70281.2312312313,-37.6508052763402
70371.2712712713,-37.6674014362896
70461.3113113113,-37.6852946964294
70551.3513513514,-37.7044537410025
70641.3913913914,-37.7248449062839
70731.4314314314,-37.746432141845
70821.4714714715,-37.7691769717315
70911.5115115115,-37.7930384562394
71001.5515515516,-37.8179731550397
71091.5915915916,-37.8439350924678
71181.6316316317,-37.870875725867
71271.6716716717,-37.8987439179452
71361.7117117117,-37.9274859141768
71451.7517517518,-37.9570453263526
71541.7917917918,-37.987363123453
71631.8318318318,-38.0183776310834
71721.8718718719,-38.0500245407717
71811.9119119119,-38.0822369304841
71901.951951952,-38.1149452977551
71991.991991992,-38.1480776068602
72082.032032032,-38.1815593514755
72172.0720720721,-38.2153136342636
72262.1121121121,-38.2492612648014
72352.1521521522,-38.2833208772149
72442.1921921922,-38.3174090688065
72532.2322322323,-38.3514405608534
72622.2722722723,-38.3853283826081
72712.3123123123,-38.4189840793538
72802.3523523524,-38.4523179451477
72892.3923923924,-38.4852392806245
72982.4324324324,-38.517656675938
73072.4724724725,-38.5494783185751
73162.5125125125,-38.5806123254077
73252.5525525526,-38.6109670979375
73342.5925925926,-38.6404516992547
73432.6326326326,-38.668976250775
73522.6726726727,-38.6964523463515
73612.7127127127,-38.7227934808843
73702.7527527528,-38.7479154900917
73792.7927927928,-38.7717369976612
73882.8328328328,-38.794179865594
73972.8728728729,-38.8151696431995
74062.9129129129,-38.8346360098956
74152.952952953,-38.852513206755
74242.992992993,-38.8687404516003
74333.033033033,-38.883262332416
74423.0730730731,-38.8960291739149
74513.1131131131,-38.906997372275
74603.1531531532,-38.916129693353
74693.1931931932,-38.9233955300835
74783.2332332332,-38.9287711152749
74873.2732732733,-38.9322396866113
74963.3133133133,-38.9337916013524
75053.3533533534,-38.9334243989652
75143.3933933934,-38.9311428107132
75233.4334334334,-38.9269587160463
75323.4734734735,-38.9208910464546
75413.5135135135,-38.9129656382548
75503.5535535536,-38.9032150365386
75593.5935935936,-38.8916782532239
75683.6336336336,-38.8784004827763
75773.6736736737,-38.8634327797144
75863.7137137137,-38.846831702448
75953.7537537538,-38.828658928336
76043.7937937938,-38.8089808450716
76133.8338338339,-38.7878681236086
76223.8738738739,-38.7653952778537
76313.9139139139,-38.7416402162451
76403.953953954,-38.7166837901527
76493.993993994,-38.6906093437649
76584.034034034,-38.6635022697919
76674.0740740741,-38.6354495749249
76764.1141141141,-38.6065394585602
76854.1541541542,-38.5768609078438
76944.1941941942,-38.5465033116197
77034.2342342343,-38.515556095398
77124.2742742743,-38.4841083789934
77214.3143143143,-38.4522486580456
77304.3543543544,-38.4200645102111
77394.3943943944,-38.3876423264316
77484.4344344345,-38.355067067332
77574.4744744745,-38.3224220444882
77664.5145145145,-38.2897887260324
77754.5545545546,-38.2572465658278
77844.5945945946,-38.2248728552531
77934.6346346347,-38.1927425964789
78024.6746746747,-38.1609283959964
78114.7147147147,-38.1295003770707
78204.7547547548,-38.0985261097304
78294.7947947948,-38.0680705568745
78384.8348348349,-38.0381960350641
78474.8748748749,-38.0089621885802
78564.9149149149,-37.9804259753529
78654.954954955,-37.9526416634085
78744.994994995,-37.925660836534
78835.035035035,-37.8995324079158
78925.0750750751,-37.8743026405781
79015.1151151151,-37.8500151735172
79105.1551551552,-37.8267110524996
79195.1951951952,-37.8044287645681
79285.2352352352,-37.7832042753744
79375.2752752753,-37.763071068529
79465.3153153153,-37.744060186233
79555.3553553554,-37.7262002705231
79645.3953953954,-37.7095176045301
79735.4354354354,-37.694036153212
79825.4754754755,-37.6797776030844
79915.5155155155,-37.6667614005251
80005.5555555556,-37.6550047882859
80095.5955955956,-37.644522839889
80185.6356356357,-37.6353284916377
80275.6756756757,-37.6274325720085
80365.7157157157,-37.6208438282358
80455.7557557558,-37.615568949937
80545.7957957958,-37.6116125896597
80635.8358358359,-37.608977380271
80725.8758758759,-37.6076639491332
80815.9159159159,-37.6076709290491
80905.955955956,-37.6089949659831
80995.995995996,-37.6116307235965
81086.0360360361,-37.6155708846638
81176.0760760761,-37.620806149463
81266.1161161161,-37.6273252312637
81356.1561561562,-37.6351148490653
81446.1961961962,-37.6441597177666
81536.2362362362,-37.6544425359803
81626.2762762763,-37.6659439717363
81716.3163163163,-37.6786426463526
81806.3563563564,-37.692515116787
81896.3963963964,-37.7075358568189
81986.4364364364,-37.7236772374501
82076.4764764765,-37.7409095069526
82166.5165165165,-37.7592007710329
82256.5565565566,-37.778516973627
82346.5965965966,-37.7988218788849
82436.6366366367,-37.8200770549471
82526.6766766767,-37.8422418601647
82616.7167167167,-37.8652734324617
82706.7567567568,-37.8891266825809
82796.7967967968,-37.9137542920051
82886.8368368369,-37.939106716385
82976.8768768769,-37.9651321953471
83066.9169169169,-37.99177676959
83156.956956957,-38.0189843062107
83246.996996997,-38.0466965332221
83337.0370370371,-38.0748530842438
83427.0770770771,-38.1033915543476
83517.1171171171,-38.132247568038
83607.1571571572,-38.1613548603234
83697.1971971972,-38.1906453718002
83787.2372372373,-38.2200493586177
83877.2772772773,-38.2494955181182
83967.3173173173,-38.2789111308562
84057.3573573574,-38.3082222195801
84147.3973973974,-38.3373537256265
84237.4374374374,-38.3662297030104
84327.4774774775,-38.3947735303095
84417.5175175175,-38.4229081402304
84507.5575575576,-38.4505562665109
84597.5975975976,-38.4776407075605
84687.6376376377,-38.5040846059665
84777.6776776777,-38.5298117427113
84867.7177177177,-38.5547468446459
84957.7577577578,-38.5788159034663
85047.7977977978,-38.6019465041387
85137.8378378379,-38.6240681604279
85227.8778778779,-38.6451126549042
85317.9179179179,-38.6650143805566
85407.957957958,-38.6837106809082
85497.997997998,-38.7011421853572
85588.0380380381,-38.7172531363175
85678.0780780781,-38.7319917046585
85768.1181181181,-38.7453102899109
85858.1581581582,-38.7571658017466
85948.1981981982,-38.7675199193414
86038.2382382382,-38.7763393254041
86128.2782782783,-38.783595911889
86218.3183183183,-38.7892669547137
86308.3583583584,-38.7933352551621
86398.3983983984,-38.7957892460702
86488.4384384385,-38.7966230613412
86578.4784784785,-38.7958365678372
86668.5185185185,-38.7934353591992
86758.5585585586,-38.7894307116768
86848.5985985986,-38.7838395025676
86938.6386386387,-38.776684092378
87028.6786786787,-38.7679921722924
87118.7187187187,-38.7577965789891
87208.7587587588,-38.746135079236
87298.7987987988,-38.7330501270414
87388.8388388388,-38.7185885964221
87478.8788788789,-38.7028014930634
87568.9189189189,-38.685743648301
87658.958958959,-38.6674733989355
87748.998998999,-38.6480522564084
87839.0390390391,-38.6275445688257
87929.0790790791,-38.606017179212
88019.1191191191,-38.5835390832284
88109.1591591592,-38.5601810893887
88199.1991991992,-38.5360154845773
88289.2392392393,-38.5111157074114
88379.2792792793,-38.485556031707
88469.3193193193,-38.4594112620145
88559.3593593594,-38.432756442889
88649.3993993994,-38.4056665832607
88739.4394394395,-38.3782163969758
88829.4794794795,-38.3504800603009
88919.5195195195,-38.322530986911
89009.5595595596,-38.2944416206432
89099.5995995996,-38.2662832460632
89189.6396396397,-38.2381258166964
89279.6796796797,-38.2100378005924
89369.7197197197,-38.1820860427394
89459.7597597598,-38.1543356437115
89549.7997997998,-38.1268498538274
89639.8398398399,-38.0996899820098
89729.8798798799,-38.0729153184719
89819.91991992,-38.0465830703071
89909.95995996,-38.020748309032
90000,-37.9954639291149
