% Model,Rockfish_SF_monostatic.mph
% Version,COMSOL 6.2.0.339
% Date,"Sep 8 2026, 14:56"
% Table,Table 10 - Global Evaluation 1
% theta (degree),freq (Hz),Target Strength
0,10000,-99.83248228493187
0,30000,-91.19170229411152
0,50000,-86.60975364525987
0,70000,-68.07403488211168
1,10000,-99.80429478351141
1,30000,-91.14617498631988
1,50000,-88.27525263687352
1,70000,-68.04691462493787
2,10000,-99.7841200271901
2,30000,-91.18211827187503
2,50000,-89.37847186883234
2,70000,-71.31233081850995
3.0000000000000004,10000,-99.77256238877125
3.0000000000000004,30000,-91.30409879780899
3.0000000000000004,50000,-88.25741549326696
3.0000000000000004,70000,-82.16064642454695
4,10000,-99.77013265950966
4,30000,-91.50926926953197
4,50000,-85.91838979881376
4,70000,-79.02376962655083
5,10000,-99.77724508595068
5,30000,-91.79670941062051
5,50000,-84.27041681011232
5,70000,-71.52661229189604
6.000000000000001,10000,-99.79421617272216
6.000000000000001,30000,-92.17106886620128
6.000000000000001,50000,-83.88411296409726
6.000000000000001,70000,-68.75793961439419
7,10000,-99.82126496771271
7,30000,-92.63982139559248
7,50000,-84.78083350200035
7,70000,-68.76978697646571
8,10000,-99.85851458165982
8,30000,-93.2086024912389
8,50000,-86.73205583895658
8,70000,-71.06461087875162
9,10000,-99.90599473788565
9,30000,-93.87951815442763
9,50000,-88.96201067192793
9,70000,-71.88840887229392
10,10000,-99.96364519353256
10,30000,-94.65374007869706
10,50000,-89.75567275287104
10,70000,-71.8383283374368
11,10000,-100.031319917652
11,30000,-95.53576732677988
11,50000,-89.20630279797732
11,70000,-77.25090608537265
12.000000000000002,10000,-100.10879194870856
12.000000000000002,30000,-96.53533176750463
12.000000000000002,50000,-89.85531459955943
12.000000000000002,70000,-83.5762632962492
13,10000,-100.1957588845542
13,30000,-97.66452643240784
13,50000,-94.07993652480113
13,70000,-74.48694428605135
14,10000,-100.29184897732102
14,30000,-98.93018156526506
14,50000,-97.92261626917211
14,70000,-76.10863661218265
14.999999999999998,10000,-100.39662781598221
14.999999999999998,30000,-100.32233867085972
14.999999999999998,50000,-90.19420653091893
14.999999999999998,70000,-86.16803716120175
16,10000,-100.50960557795304
16,30000,-101.80001279558262
16,50000,-87.33249048447229
16,70000,-78.50972377892339
17,10000,-100.63024481960886
17,30000,-103.28096908314983
17,50000,-87.64724885582521
17,70000,-77.50964627100201
18,10000,-100.75796875472162
18,30000,-104.65550721698669
18,50000,-90.56681844915622
18,70000,-81.03455283291103
19,10000,-100.8921699406679
19,30000,-105.84180540997126
19,50000,-96.36836407264049
19,70000,-87.48117154607041
20,10000,-101.0322192583463
20,30000,-106.84397479530182
20,50000,-100.58340060376565
20,70000,-81.2329140720718
21,10000,-101.17747503454522
21,30000,-107.73280865605503
21,50000,-93.85246667262729
21,70000,-76.4114266386786
22,10000,-101.32729212066656
22,30000,-108.55584947518635
22,50000,-90.17827379497908
22,70000,-75.51783171429206
23,10000,-101.48103071167432
23,30000,-109.26526821508904
23,50000,-89.23552228492278
23,70000,-75.99790989120689
24.000000000000004,10000,-101.63806466909841
24.000000000000004,30000,-109.71733087316838
24.000000000000004,50000,-89.7268895541182
24.000000000000004,70000,-75.880262920445
25,10000,-101.79778910565511
25,30000,-109.74706926391632
25,50000,-89.47726772614564
25,70000,-75.89347403151785
26,10000,-101.95962699822523
26,30000,-109.27125768249843
26,50000,-88.56798418024722
26,70000,-77.49763160429546
27,10000,-102.12303462383605
27,30000,-108.33109044291731
27,50000,-88.5659428812631
27,70000,-79.95326570182647
28,10000,-102.28750565758907
28,30000,-107.0519135306867
28,50000,-89.26077004924792
28,70000,-78.0385059374908
29.000000000000004,10000,-102.4525738314087
29.000000000000004,30000,-105.58614120175324
29.000000000000004,50000,-90.17278398935
29.000000000000004,70000,-74.5704679847291
29.999999999999996,10000,-102.61781412261084
29.999999999999996,30000,-104.08234220502742
29.999999999999996,50000,-92.5163858714981
29.999999999999996,70000,-73.9461715857444
31,10000,-102.78284251754474
31,30000,-102.67070138408445
31,50000,-98.412422948916
31,70000,-76.83626979713112
32,10000,-102.94731447002567
32,30000,-101.45152193816978
32,50000,-101.82867765012332
32,70000,-83.40293009303943
33,10000,-103.11092224164112
33,30000,-100.48743914992436
33,50000,-98.10629938303569
33,70000,-86.76208107632006
34,10000,-103.27339136523764
34,30000,-99.80139621591289
34,50000,-97.66046965320808
34,70000,-85.76737425553392
35,10000,-103.43447650985769
35,30000,-99.3785023177797
35,50000,-96.83324106663981
35,70000,-87.86062569192516
36,10000,-103.59395704195555
36,30000,-99.17060120244783
36,50000,-95.50062200911364
36,70000,-85.42138372086903
37,10000,-103.7516325744588
37,30000,-99.10669044359834
37,50000,-94.23410025802669
37,70000,-83.45192963658447
38,10000,-103.90731877216584
38,30000,-99.113943390132
38,50000,-92.92151869922314
38,70000,-84.67688411190005
39,10000,-104.06084364331087
39,30000,-99.14573371457878
39,50000,-92.56720022702608
39,70000,-84.13610978964853
40,10000,-104.21204449541783
40,30000,-99.19839513612203
40,50000,-92.17431508250257
40,70000,-82.08632779053266
41,10000,-104.3607656746268
41,30000,-99.29931508988045
41,50000,-90.01618479193895
41,70000,-81.22294952090195
42,10000,-104.50685714555058
42,30000,-99.47117420560136
42,50000,-87.654851706742
42,70000,-80.69996317505411
43,10000,-104.65017390735981
43,30000,-99.69181096594303
43,50000,-86.06756458966414
43,70000,-79.82585315034461
44,10000,-104.79057618700193
44,30000,-99.86788935726865
44,50000,-85.61747392883106
44,70000,-78.29547467466604
45,10000,-104.92793030230835
45,30000,-99.84835357903478
45,50000,-86.98332391487126
45,70000,-77.21315345652599
46,10000,-105.06211005231897
46,30000,-99.50469350768786
46,50000,-90.88951272581082
46,70000,-78.94843438573128
47,10000,-105.19299846719763
47,30000,-98.82963280590447
47,50000,-95.15978712145156
47,70000,-83.54784961538299
48.00000000000001,10000,-105.32048973990985
48.00000000000001,30000,-97.93906888556086
48.00000000000001,50000,-92.43095251323886
48.00000000000001,70000,-78.23293607912512
49,10000,-105.44449116347721
49,30000,-96.98557702490794
49,50000,-87.92726723111741
49,70000,-76.31372202338943
50,10000,-105.56492491130032
50,30000,-96.09451184978778
50,50000,-84.20706494867738
50,70000,-80.1511250724881
51,10000,-105.68172952273842
51,30000,-95.35249742503935
51,50000,-82.4803011905102
51,70000,-98.3330556978645
52,10000,-105.7948609883602
52,30000,-94.81439022547713
52,50000,-83.04112909114147
52,70000,-86.87513610276224
53,10000,-105.90429336693512
53,30000,-94.50714693658799
53,50000,-85.79953229563611
53,70000,-84.51698291971964
54,10000,-106.01001890622543
54,30000,-94.42780295588605
54,50000,-89.32551851096923
54,70000,-85.45098827184881
55,10000,-106.11204767880469
55,30000,-94.53785272603471
55,50000,-89.95462451238924
55,70000,-84.3039403328038
56,10000,-106.21040677931047
56,30000,-94.75765658850172
56,50000,-87.920277846789
56,70000,-80.52497159710498
57.00000000000001,10000,-106.30513915794137
57.00000000000001,30000,-94.96930931522776
57.00000000000001,50000,-85.18945819178367
57.00000000000001,70000,-79.43388692741983
58.00000000000001,10000,-106.39630218551636
58.00000000000001,30000,-95.04219252746947
58.00000000000001,50000,-83.54772664584846
58.00000000000001,70000,-80.05202202440816
59.00000000000001,10000,-106.4839660557606
59.00000000000001,30000,-94.88552061371104
59.00000000000001,50000,-83.35069752966913
59.00000000000001,70000,-78.8244977896814
59.99999999999999,10000,-106.56821213084763
59.99999999999999,30000,-94.49676676879689
59.99999999999999,50000,-83.720587276511
59.99999999999999,70000,-77.2475483087953
61,10000,-106.64913132811682
61,30000,-93.96080985863
61,50000,-83.60624790378372
61,70000,-78.16629071008512
62,10000,-106.7268226284716
62,30000,-93.40372407138297
62,50000,-83.23787379470494
62,70000,-79.91389201793764
63,10000,-106.8013917653482
63,30000,-92.94579441352921
63,50000,-82.7947186961276
63,70000,-82.62097775149101
64,10000,-106.87295012729281
64,30000,-92.6780498071156
64,50000,-81.9164594302199
64,70000,-85.7688324021157
65,10000,-106.94161388056585
65,30000,-92.6566120152372
65,50000,-81.0320615802938
65,70000,-77.21798596271461
66,10000,-107.00750329511908
66,30000,-92.90252661381794
66,50000,-80.78956287721545
66,70000,-74.80252695588051
67,10000,-107.07074223584611
67,30000,-93.39953777657001
67,50000,-81.31493368227166
67,70000,-73.9500811456354
68,10000,-107.13145776763731
68,30000,-94.08805437446419
68,50000,-82.43592687127857
68,70000,-74.15016495324215
69,10000,-107.18977981479456
69,30000,-94.86099343118372
69,50000,-83.93227418779563
69,70000,-79.98905708758775
70,10000,-107.24584081386016
70,30000,-95.57738515726194
70,50000,-85.54652217153838
70,70000,-89.55101328305985
71,10000,-107.29977530486353
71,30000,-96.10874833965958
71,50000,-87.01724687245905
71,70000,-82.5074005736483
72,10000,-107.3517194156368
72,30000,-96.39819782331422
72,50000,-88.07333678866266
72,70000,-91.43513480782846
73,10000,-107.4018102076615
73,30000,-96.4786493776297
73,50000,-88.24206511113405
73,70000,-79.31319836395919
74,10000,-107.45018486747954
74,30000,-96.43790383029722
74,50000,-87.9466502916467
74,70000,-80.55728888437756
75,10000,-107.49697974299637
75,30000,-96.37352769455222
75,50000,-88.60119273832142
75,70000,-82.45638524684537
76,10000,-107.54232923745727
76,30000,-96.36325587581305
76,50000,-91.5199616484464
76,70000,-75.12493252582863
77,10000,-107.58636458521117
77,30000,-96.44548289482195
77,50000,-99.56799887361922
77,70000,-74.51707543378862
78,10000,-107.62921254057382
78,30000,-96.60549129511622
78,50000,-106.28331005012876
78,70000,-77.55765953472088
79,10000,-107.67099401432965
79,30000,-96.7766227663202
79,50000,-98.41524794528311
79,70000,-77.99514830782778
80,10000,-107.71182269301863
80,30000,-96.87358381522203
80,50000,-103.21317979555877
80,70000,-77.10462177076062
81,10000,-107.7518036718277
81,30000,-96.8550590850053
81,50000,-99.38944644651629
81,70000,-81.60121738998724
82,10000,-107.79103212763246
82,30000,-96.76346682475268
82,50000,-90.34417067141959
82,70000,-81.55438623858208
83,10000,-107.8295920514517
83,30000,-96.69529179787565
83,50000,-87.23846920643265
83,70000,-72.1584468601591
84,10000,-107.86755505265872
84,30000,-96.73501007774237
84,50000,-87.03662809187131
84,70000,-69.65828393285548
85,10000,-107.90497924211985
85,30000,-96.90796924522914
85,50000,-88.38647943090452
85,70000,-71.71468703417509
86,10000,-107.9419081959699
86,30000,-97.16356692004797
86,50000,-89.41636507562315
86,70000,-81.41992026090493
87,10000,-107.97837000011319
87,30000,-97.38527056340693
87,50000,-90.22737599638796
87,70000,-81.44038301306415
88,10000,-108.01437637566373
88,30000,-97.44046386791075
88,50000,-92.36702537999068
88,70000,-75.12647112954829
89,10000,-108.04992188672205
89,30000,-97.26404929912297
89,50000,-93.41053484701669
89,70000,-75.10733373938847
90,10000,-108.08498323777664
90,30000,-96.90573468621798
90,50000,-91.39768215299239
90,70000,-79.93624631273794
91,10000,-108.11951867233265
91,30000,-96.49047973585532
91,50000,-90.25633151666469
91,70000,-89.6591168948636
92,10000,-108.15346749145307
92,30000,-96.14822939160226
92,50000,-89.92392694007926
92,70000,-78.05750311169876
93,10000,-108.18674971770447
93,30000,-95.97666927817417
93,50000,-88.86912338578675
93,70000,-76.35867426428965
94,10000,-108.21926593496937
94,30000,-96.03527290169681
94,50000,-87.05682056211499
94,70000,-79.1129868470047
95,10000,-108.25089733955525
95,30000,-96.34831772296124
95,50000,-85.5521911874375
95,70000,-85.21613161791399
96.00000000000001,10000,-108.28150603976931
96.00000000000001,30000,-96.90744006568832
96.00000000000001,50000,-85.16553269954136
96.00000000000001,70000,-91.66760739489044
97,10000,-108.31093564049397
97,30000,-97.67373390744181
97,50000,-86.48627485478673
97,70000,-78.46784545283346
98,10000,-108.33901214599436
98,30000,-98.57641047816175
98,50000,-90.30118073245275
98,70000,-75.09318114627979
99,10000,-108.36554520736543
99,30000,-99.49067778012653
99,50000,-98.90456720907292
99,70000,-77.08822526720289
100,10000,-108.39032973149301
100,30000,-100.18170570135842
100,50000,-115.62907287839317
100,70000,-82.92844732826765
101,10000,-108.41314785593353
101,30000,-100.31655765791592
101,50000,-122.61262726248313
101,70000,-82.77277653873892
102,10000,-108.43377127920215
102,30000,-99.74774737801093
102,50000,-97.00407947346082
102,70000,-87.0913968627403
103,10000,-108.45196392076532
103,30000,-98.75162331696794
103,50000,-88.69425698199859
103,70000,-83.42616757892841
104,10000,-108.46748486658741
104,30000,-97.74798143438309
104,50000,-85.07072343317614
104,70000,-76.99261313499618
105.00000000000001,10000,-108.48009154100217
105.00000000000001,30000,-97.00114474011829
105.00000000000001,50000,-84.33656024106591
105.00000000000001,70000,-75.95032881360345
106,10000,-108.48954302927561
106,30000,-96.60789264189079
106,50000,-85.96134081990863
106,70000,-77.38007006071973
107,10000,-108.49560346271136
107,30000,-96.56821358349004
107,50000,-87.31350305356285
107,70000,-78.23471808796457
108,10000,-108.49804536853918
108,30000,-96.82972053964195
108,50000,-84.76986170203872
108,70000,-79.54924045113061
109,10000,-108.49665288090223
109,30000,-97.30594321301588
109,50000,-82.83133395745422
109,70000,-83.44760692611275
110,10000,-108.49122470929971
110,30000,-97.88468117088138
110,50000,-82.96405793430283
110,70000,-95.97178375095066
111,10000,-108.48157676451183
111,30000,-98.44098044672302
111,50000,-84.51753055537432
111,70000,-79.88728009012732
112,10000,-108.467544352253
112,30000,-98.86796442011357
112,50000,-85.41420221861672
112,70000,-75.66224101991347
113,10000,-108.44898385847053
113,30000,-99.12171168164522
113,50000,-84.66138568493605
113,70000,-77.38570043337094
114.00000000000001,10000,-108.42577386865469
114.00000000000001,30000,-99.24235209114053
114.00000000000001,50000,-84.24755974379897
114.00000000000001,70000,-86.73163201227464
115,10000,-108.3978156848595
115,30000,-99.32008965272709
115,50000,-85.45166003647367
115,70000,-84.42538934551102
116.00000000000001,10000,-108.3650332264891
116.00000000000001,30000,-99.43406852239846
116.00000000000001,50000,-89.51492136447762
116.00000000000001,70000,-78.88774972024868
117,10000,-108.32737232485664
117,30000,-99.61139264415866
117,50000,-101.9554250700433
117,70000,-77.3791626263799
118.00000000000001,10000,-108.2847994436783
118.00000000000001,30000,-99.81932282837887
118.00000000000001,50000,-96.1757639547746
118.00000000000001,70000,-79.51286939592585
119,10000,-108.23729987858596
119,30000,-99.98087279294042
119,50000,-93.60725308797855
119,70000,-76.47575857591706
119.99999999999999,10000,-108.18487550637512
119.99999999999999,30000,-100.00380693542105
119.99999999999999,50000,-99.84903231852833
119.99999999999999,70000,-71.4329461367341
121,10000,-108.12754216980083
121,30000,-99.8163135494301
121,50000,-94.0248777513844
121,70000,-69.40475196102618
122,10000,-108.06532679404215
122,30000,-99.40141275967508
122,50000,-88.14906721221293
122,70000,-69.74681200186143
123.00000000000001,10000,-107.99826433862016
123.00000000000001,30000,-98.81226129684201
123.00000000000001,50000,-86.54957441229362
123.00000000000001,70000,-72.46347135442797
124,10000,-107.92639469183761
124,30000,-98.15051302277368
124,50000,-86.87890408150813
124,70000,-76.43998782543014
125.00000000000001,10000,-107.8497596152556
125.00000000000001,30000,-97.52094586341143
125.00000000000001,50000,-87.28647534532685
125.00000000000001,70000,-78.82486875191147
126,10000,-107.76839984184242
126,30000,-96.99599546520098
126,50000,-86.20577283808669
126,70000,-86.15856834430424
127.00000000000001,10000,-107.68235242682026
127.00000000000001,30000,-96.60426579709883
127.00000000000001,50000,-84.03065225235198
127.00000000000001,70000,-82.24643159406449
128,10000,-107.59164844046384
128,30000,-96.33495490185139
128,50000,-82.4093050594544
128,70000,-81.04202596729405
129,10000,-107.49631108156322
129,30000,-96.14850075533181
129,50000,-82.21974415246486
129,70000,-81.90470736140854
130,10000,-107.39635427795919
130,30000,-95.9914309207256
130,50000,-83.50906899602472
130,70000,-74.77586510794727
131,10000,-107.29178182487189
131,30000,-95.81751718094236
131,50000,-85.4611034042104
131,70000,-74.04565047112735
132,10000,-107.18258709739166
132,30000,-95.61161568353867
132,50000,-86.18287222423868
132,70000,-76.46698772328429
133,10000,-107.06875335634514
133,30000,-95.40191046497554
133,50000,-84.85466737210032
133,70000,-76.6093645169258
134,10000,-106.95025465170603
134,30000,-95.24894247552584
134,50000,-82.88930721618976
134,70000,-78.19421261520651
135,10000,-106.82705731186657
135,30000,-95.21868072993605
135,50000,-81.66327709439557
135,70000,-80.24606292984073
136,10000,-106.6991219944546
136,30000,-95.35690237765776
136,50000,-81.60384652774638
136,70000,-79.06291918066559
137,10000,-106.56640626216213
137,30000,-95.67351797472055
137,50000,-82.40645220897486
137,70000,-80.68831902809912
138,10000,-106.42886763806052
138,30000,-96.13586633314651
138,50000,-83.37460903118102
138,70000,-81.42809535499104
139,10000,-106.28646708707942
139,30000,-96.67091738659971
139,50000,-84.0853161703786
139,70000,-78.31319494738557
140,10000,-106.13917286522883
140,30000,-97.18261187746045
140,50000,-84.58557877614795
140,70000,-77.10033571016463
141,10000,-105.98696467224062
141,30000,-97.5881951868533
141,50000,-85.2858686296876
141,70000,-78.61898906069005
142,10000,-105.82983803956415
142,30000,-97.85718992645963
142,50000,-87.26151381347682
142,70000,-85.23135501206983
143,10000,-105.66780887851662
143,30000,-98.02250816101085
143,50000,-91.99417702261714
143,70000,-87.71849860837854
144,10000,-105.50091810722968
144,30000,-98.15774433305933
144,50000,-94.88325030185314
144,70000,-79.60822050381628
145,10000,-105.3292362646271
145,30000,-98.34555104420916
145,50000,-90.80475527878805
145,70000,-76.5012983151329
146,10000,-105.1528680089168
146,30000,-98.65558264265141
146,50000,-90.76227465175538
146,70000,-74.69769256357735
147,10000,-104.97195638567933
147,30000,-99.13020110409795
147,50000,-97.08470077862584
147,70000,-73.18828037033073
148,10000,-104.78668673853564
148,30000,-99.77069021031826
148,50000,-96.67762679854712
148,70000,-71.2773974354811
149,10000,-104.5972901256019
149,30000,-100.52219499501658
149,50000,-88.56321944493645
149,70000,-70.06903296625494
150,10000,-104.40404609924968
150,30000,-101.26453676525867
150,50000,-85.89217089372495
150,70000,-71.08224530236984
151,10000,-104.20728470746306
151,30000,-101.82456005175416
151,50000,-85.55574723146327
151,70000,-74.08286284863236
152,10000,-104.00738758354804
152,30000,-102.02250255401084
152,50000,-86.2127179790015
152,70000,-79.68679343956607
153,10000,-103.80478800992816
153,30000,-101.74840989723324
153,50000,-86.81747214703236
153,70000,-86.42188765106296
154,10000,-103.59996986720552
154,30000,-101.0400801449992
154,50000,-87.30963328963819
154,70000,-75.04596550790417
155,10000,-103.39346541683996
155,30000,-100.08845749250955
155,50000,-87.82971772938322
155,70000,-76.25351108958667
156,10000,-103.18585190597577
156,30000,-99.13802558562216
156,50000,-87.39616197259983
156,70000,-75.59094918144442
157,10000,-102.97774702897382
157,30000,-98.3822694359774
157,50000,-85.80894707320905
157,70000,-69.78701252834836
158,10000,-102.76980332411438
158,30000,-97.93039342059393
158,50000,-84.3097419583163
158,70000,-69.49831577224161
159,10000,-102.562701626063
159,30000,-97.81946196699079
159,50000,-83.50906049646221
159,70000,-73.32141930421035
160,10000,-102.35714372854203
160,30000,-98.03141612672226
160,50000,-83.51585394184511
160,70000,-78.14562502124241
161,10000,-102.15384443738992
161,30000,-98.50021261724537
161,50000,-84.42726396900147
161,70000,-80.6097839655073
162,10000,-101.95352320830324
162,30000,-99.10934663619351
162,50000,-86.34713393254756
162,70000,-85.35571549438853
163,10000,-101.75689556728639
163,30000,-99.68623576143892
163,50000,-89.04739807983462
163,70000,-88.0660048241837
164,10000,-101.56466450416278
164,30000,-100.01236861960889
164,50000,-91.20621466497205
164,70000,-81.94736129633044
165,10000,-101.37751201410758
165,30000,-99.8889128790642
165,50000,-90.57520252034521
165,70000,-76.07070886636025
166,10000,-101.19609093851999
166,30000,-99.25899325756625
166,50000,-87.53701861330215
166,70000,-73.43404004535276
167,10000,-101.02101723061993
167,30000,-98.2570655820619
167,50000,-84.46700485367484
167,70000,-74.404559087445
168,10000,-100.8528627419395
168,30000,-97.10310437601848
168,50000,-82.41581382535827
168,70000,-78.77770274727551
169,10000,-100.69214859950279
169,30000,-95.97842172643573
169,50000,-81.51581463223931
169,70000,-77.00548654396175
170,10000,-100.53933921888058
170,30000,-94.98851256262449
170,50000,-81.64999927567109
170,70000,-76.14904227453889
171,10000,-100.39483697992222
171,30000,-94.17995739009697
171,50000,-82.59809919594153
171,70000,-82.82862993184548
172,10000,-100.25897757843666
172,30000,-93.56437496229056
172,50000,-83.99518096831213
172,70000,-79.84380523328214
173,10000,-100.1320260618069
173,30000,-93.13444789075075
173,50000,-85.37949279186111
173,70000,-75.99254256082675
174,10000,-100.01417355670259
174,30000,-92.87247764724574
174,50000,-86.42781471267716
174,70000,-77.43220860851372
175,10000,-99.90553470502132
175,30000,-92.75455760844417
175,50000,-86.77561736751983
175,70000,-79.62936007263653
176,10000,-99.8061458374321
176,30000,-92.7526104168412
176,50000,-86.07818232317655
176,70000,-81.99023993974652
177,10000,-99.71596393178527
177,30000,-92.83544071404314
177,50000,-85.09086833245519
177,70000,-83.21642910679535
178,10000,-99.63486642505214
178,30000,-92.96934912224972
178,50000,-84.91761670055178
178,70000,-77.76456451528557
179,10000,-99.56265196892764
179,30000,-93.11897503281534
179,50000,-86.1432854377758
179,70000,-76.93957079435647
180,10000,-99.4990422396777
180,30000,-93.24975455568449
180,50000,-88.91393538173942
180,70000,-81.06156554267366
181,10000,-99.44368492761983
181,30000,-93.33366349251874
181,50000,-91.76774682311651
181,70000,-86.373312089243
182,10000,-99.39615803852581
182,30000,-93.35800472002758
182,50000,-91.55630362048457
182,70000,-80.46278540275972
183,10000,-99.35597563355972
183,30000,-93.33287941946254
183,50000,-91.12551185199514
183,70000,-77.0470365863841
184,10000,-99.32259511262865
184,30000,-93.29091356126682
184,50000,-92.82224113189129
184,70000,-74.97170889569477
185,10000,-99.2954261055519
185,30000,-93.27698739815018
185,50000,-96.2275489556705
185,70000,-73.77844286207338
186,10000,-99.2738409735085
186,30000,-93.33244644766404
186,50000,-97.21140764315606
186,70000,-74.61653015303737
187,10000,-99.2571868405171
187,30000,-93.480272054241
187,50000,-95.73268685879958
187,70000,-80.19639618978235
188,10000,-99.2447989731207
188,30000,-93.71504388221157
188,50000,-93.48142521752132
188,70000,-87.75536510193302
189,10000,-99.23601521207502
189,30000,-93.9998816433453
189,50000,-91.08163801356721
189,70000,-75.80079573653164
190,10000,-99.23019104205778
190,30000,-94.27377886480198
190,50000,-90.41322258060396
190,70000,-73.48163017796264
191,10000,-99.22671477552683
191,30000,-94.47166361862848
191,50000,-92.15473658406691
191,70000,-75.49157592122866
192.00000000000003,10000,-99.22502223924417
192.00000000000003,30000,-94.55010473938
192.00000000000003,50000,-94.67761688711377
192.00000000000003,70000,-77.7298029836137
193,10000,-99.22461030162114
193,30000,-94.50186777520554
193,50000,-93.03918001324436
193,70000,-74.29368752497629
194,10000,-99.22504857583885
194,30000,-94.35118867997511
194,50000,-90.64420634712562
194,70000,-73.76918337039666
195,10000,-99.22598868772403
195,30000,-94.14088209409557
195,50000,-89.22937118612441
195,70000,-76.7791525536556
196,10000,-99.2271706070753
196,30000,-93.92362042495614
196,50000,-88.42553619550755
196,70000,-81.23100432208798
197,10000,-99.22842570183903
197,30000,-93.75616756241612
197,50000,-88.1625687783339
197,70000,-83.44729226389592
198,10000,-99.22967637021985
198,30000,-93.69081101891513
198,50000,-88.04117074129258
198,70000,-83.66971277266171
199,10000,-99.23093231916192
199,30000,-93.76435182154525
199,50000,-87.42007059957044
199,70000,-84.53226995614953
200,10000,-99.2322837640398
200,30000,-93.98928604351363
200,50000,-86.28109681633123
200,70000,-88.17266146105219
201.00000000000003,10000,-99.2338920042402
201.00000000000003,30000,-94.35128692996713
201.00000000000003,50000,-85.08101524870315
201.00000000000003,70000,-87.46375681941907
202,10000,-99.23597796504096
202,30000,-94.8160609381043
202,50000,-84.2310881430314
202,70000,-81.92243655277254
203,10000,-99.23880937633386
203,30000,-95.34686825680237
203,50000,-83.69966062731197
203,70000,-77.81520856329092
204,10000,-99.24268728153152
204,30000,-95.92710002283067
204,50000,-83.03191412070024
204,70000,-75.27500641690587
205,10000,-99.24793253904414
205,30000,-96.57378503609388
205,50000,-82.20578235606195
205,70000,-74.34421346694555
206,10000,-99.25487290378264
206,30000,-97.33164837391959
206,50000,-81.74951945606259
206,70000,-75.07296555685905
207,10000,-99.2638311709848
207,30000,-98.25369741921315
207,50000,-81.98557902986161
207,70000,-76.81396463649119
208,10000,-99.27511474286774
208,30000,-99.38276600734632
208,50000,-82.95907614091227
208,70000,-77.48405799349457
209,10000,-99.28900685419367
209,30000,-100.74162248888628
209,50000,-84.44058242184747
209,70000,-77.22554245078014
210.00000000000003,10000,-99.30575957528445
210.00000000000003,30000,-102.33096948307322
210.00000000000003,50000,-85.3538969443886
210.00000000000003,70000,-75.64797338297507
211,10000,-99.32558860887552
211,30000,-104.13439765331411
211,50000,-85.21040812218901
211,70000,-73.12754401234474
212,10000,-99.34866981402848
212,30000,-106.13452707618058
212,50000,-85.902467400417
212,70000,-71.89922773644311
213,10000,-99.37513732758431
213,30000,-108.34688589511978
213,50000,-89.3537817913517
213,70000,-72.85303074643066
214,10000,-99.40508311093825
214,30000,-110.8705594920935
214,50000,-99.18848282474615
214,70000,-75.64070955871524
215,10000,-99.43855772412354
215,30000,-113.95039034593697
215,50000,-100.22022919233694
215,70000,-77.73868036649658
216,10000,-99.47557211873598
216,30000,-118.05654971704953
216,50000,-95.89648397336647
216,70000,-76.96200491265884
217,10000,-99.5161002416905
217,30000,-123.23175802357817
217,50000,-97.59683351421816
217,70000,-76.31944317167195
218,10000,-99.56008225081193
218,30000,-122.22804960499809
218,50000,-101.05754265979496
218,70000,-78.90779031580496
219.00000000000003,10000,-99.60742815861289
219.00000000000003,30000,-117.1516874997748
219.00000000000003,50000,-102.81193619294628
219.00000000000003,70000,-87.96468760509528
220,10000,-99.65802173919754
220,30000,-113.30517885783742
220,50000,-97.0580115413771
220,70000,-83.98160624044118
221,10000,-99.71172455494977
221,30000,-110.28515774006203
221,50000,-93.61398834869348
221,70000,-77.69624813932641
222,10000,-99.76837998119598
222,30000,-107.69112706100194
222,50000,-92.92545005773934
222,70000,-75.05814119281143
223,10000,-99.82781712999443
223,30000,-105.32423687335672
223,50000,-91.16144599594188
223,70000,-75.12704119050709
224,10000,-99.8898545952031
224,30000,-103.11345140320029
224,50000,-88.98614790121903
224,70000,-78.7502737025616
225,10000,-99.95430396153634
225,30000,-101.0704052477715
225,50000,-89.59758511695766
225,70000,-87.18612721282355
226,10000,-100.02097303847334
226,30000,-99.24166300764979
226,50000,-93.75818141770137
226,70000,-80.32157193004166
227,10000,-100.08966879573505
227,30000,-97.67007134311388
227,50000,-94.69189817030319
227,70000,-79.03251426683167
228.00000000000003,10000,-100.16019999027135
228.00000000000003,30000,-96.37843629612831
228.00000000000003,50000,-93.72052557430723
228.00000000000003,70000,-85.4132404837752
229,10000,-100.23237948467428
229,30000,-95.37047986430126
229,50000,-95.82319527429087
229,70000,-77.64321631157904
230,10000,-100.30602626345811
230,30000,-94.6383984020421
230,50000,-89.72297038547032
230,70000,-73.00093746508912
230.99999999999997,10000,-100.38096715740707
230.99999999999997,30000,-94.16986335740724
230.99999999999997,50000,-86.32164928865981
230.99999999999997,70000,-71.9789073970503
232.00000000000003,10000,-100.45703828669858
232.00000000000003,30000,-93.95080136028079
232.00000000000003,50000,-86.8289179687158
232.00000000000003,70000,-71.43730359038162
233,10000,-100.53408623168548
233,30000,-93.96219670999395
233,50000,-89.12776353820705
233,70000,-70.94399748674932
234,10000,-100.61196893658266
234,30000,-94.1709797338148
234,50000,-88.9509032688822
234,70000,-71.92587726778763
235,10000,-100.69055634722073
235,30000,-94.51842953373543
235,50000,-89.61157277009654
235,70000,-74.95980101066398
236.00000000000003,10000,-100.76973077910233
236.00000000000003,30000,-94.91577314787651
236.00000000000003,50000,-88.14448319304935
236.00000000000003,70000,-82.12559189846661
237.00000000000003,10000,-100.84938700915836
237.00000000000003,30000,-95.26170528637371
237.00000000000003,50000,-82.91315139956211
237.00000000000003,70000,-91.30422435173402
238,10000,-100.92943208226428
238,30000,-95.48281285743411
238,50000,-80.6431259785675
238,70000,-79.89282432859044
239,10000,-101.00978482495931
239,30000,-95.56161492452311
239,50000,-81.63346527772467
239,70000,-77.57526706651704
239.99999999999997,10000,-101.09037506114936
239.99999999999997,30000,-95.51706600145152
239.99999999999997,50000,-86.55841170205105
239.99999999999997,70000,-77.6997121934682
241.00000000000003,10000,-101.1711425314578
241.00000000000003,30000,-95.36642987062771
241.00000000000003,50000,-102.15064043777815
241.00000000000003,70000,-79.29659252187284
242,10000,-101.25203552544278
242,30000,-95.12515404022042
242,50000,-95.83104941477556
242,70000,-78.9061833443441
243,10000,-101.33300924666388
243,30000,-94.84364715045248
243,50000,-92.9460030659233
243,70000,-77.7221929862242
244,10000,-101.41402394128237
244,30000,-94.62469759963783
244,50000,-90.2228741601881
244,70000,-78.67537362472521
245.00000000000003,10000,-101.49504283247451
245.00000000000003,30000,-94.59308678758971
245.00000000000003,50000,-87.93777623910118
245.00000000000003,70000,-78.44318722036718
246.00000000000003,10000,-101.57602991338527
246.00000000000003,30000,-94.84657911323355
246.00000000000003,50000,-87.90887710733244
246.00000000000003,70000,-78.98335697138799
247,10000,-101.65694765962412
247,30000,-95.41311491548144
247,50000,-89.0258792910127
247,70000,-84.30541769252032
248,10000,-101.7377547291077
248,30000,-96.20486547866548
248,50000,-89.71207280956621
248,70000,-80.03393906685325
248.99999999999997,10000,-101.81840371945795
248.99999999999997,30000,-96.97892576118606
248.99999999999997,50000,-89.58229207996702
248.99999999999997,70000,-77.00772101457324
250.00000000000003,10000,-101.89883905337581
250.00000000000003,30000,-97.42255770160904
250.00000000000003,50000,-88.21303518707124
250.00000000000003,70000,-75.64988350380911
251,10000,-101.97899505867869
251,30000,-97.4368496447363
251,50000,-87.31464318622643
251,70000,-74.50191504631438
252,10000,-102.0587943028538
252,30000,-97.23666162592592
252,50000,-88.83190088800225
252,70000,-74.92149888686737
253,10000,-102.13814623315274
253,30000,-97.07588646519547
253,50000,-92.43018089472726
253,70000,-75.4084092768263
254.00000000000003,10000,-102.21694616166153
254.00000000000003,30000,-97.05112016759298
254.00000000000003,50000,-90.69861588048289
254.00000000000003,70000,-75.28726565268155
255.00000000000003,10000,-102.2950746228412
255.00000000000003,30000,-97.13369913650394
255.00000000000003,50000,-88.46525980408047
255.00000000000003,70000,-74.73878156257871
256,10000,-102.37239711828154
256,30000,-97.28463004213347
256,50000,-89.10671165812035
256,70000,-74.29616808280521
257,10000,-102.44876425129243
257,30000,-97.53540222083105
257,50000,-89.23845672927463
257,70000,-76.20630074765728
258,10000,-102.52401224285849
258,30000,-97.96294047835022
258,50000,-86.53476942543215
258,70000,-81.25743037309023
259,10000,-102.59796381108849
259,30000,-98.57661600325649
259,50000,-85.10606632880224
259,70000,-78.27536220888375
260,10000,-102.6704293888153
260,30000,-99.19495487161316
260,50000,-85.92527056264052
260,70000,-77.26613286545495
261,10000,-102.74120864858017
261,30000,-99.46739150022994
261,50000,-88.45507355934754
261,70000,-83.06293814179816
262,10000,-102.81009230081861
262,30000,-99.24017017368911
262,50000,-91.03078478881801
262,70000,-82.39376450163661
263,10000,-102.87686412941713
263,30000,-98.82037184167041
263,50000,-93.84951435844846
263,70000,-74.1970739695486
264,10000,-102.94130322839126
264,30000,-98.64362175577116
264,50000,-102.07232208558864
264,70000,-70.64508879375109
265,10000,-103.00318640408817
265,30000,-98.97300904668464
265,50000,-94.68513538691727
265,70000,-70.58817539876382
266,10000,-103.06229070753432
266,30000,-99.88293239680598
266,50000,-88.83948176780964
266,70000,-73.79227809235437
267,10000,-103.11839606236808
267,30000,-101.24342147198757
267,50000,-87.02645605993412
267,70000,-78.52557977833365
268,10000,-103.17128795304941
268,30000,-102.56950460924843
268,50000,-87.45918779115485
268,70000,-79.64181966419619
269,10000,-103.22076013679552
269,30000,-103.07730155030983
269,50000,-89.14442825724532
269,70000,-76.1064317253893
270,10000,-103.26661733983707
270,30000,-102.56110284143799
270,50000,-90.67166028511267
270,70000,-73.82970622063871
271,10000,-103.30867789564756
271,30000,-101.59709694597922
271,50000,-91.31072396635248
271,70000,-74.16079877758258
272,10000,-103.34677627764121
272,30000,-100.6391150662512
272,50000,-92.96581557926153
272,70000,-76.19517340915692
273,10000,-103.38076547582742
273,30000,-99.85384552317367
273,50000,-100.29169660406646
273,70000,-80.38308696720932
274,10000,-103.41051916256319
274,30000,-99.34101839011885
274,50000,-99.70720714641159
274,70000,-89.06509560921859
275,10000,-103.43593359099364
275,30000,-99.21494469839163
275,50000,-90.53923433838057
275,70000,-80.7309995993193
276,10000,-103.45692917014244
276,30000,-99.58588423332966
276,50000,-87.89947544674631
276,70000,-77.81621681251929
277,10000,-103.47345166348444
277,30000,-100.53063689829989
277,50000,-88.26063068052892
277,70000,-77.72298974638636
278,10000,-103.48547296499214
278,30000,-102.05965654090804
278,50000,-90.55932680689743
278,70000,-77.85179611470784
279,10000,-103.49299141619247
279,30000,-104.02376891630466
279,50000,-92.22988904705872
279,70000,-81.72484828648642
280,10000,-103.49603164147693
280,30000,-105.85266575227371
280,50000,-90.70682226456513
280,70000,-81.70702873431017
281,10000,-103.49464389484426
281,30000,-106.34851621947334
281,50000,-88.5154626460468
281,70000,-78.70193287922861
282,10000,-103.4889029289679
282,30000,-104.89038353369529
282,50000,-87.22205156065147
282,70000,-85.3197585363715
283,10000,-103.47890641643694
283,30000,-102.43211136169657
283,50000,-87.38582692124766
283,70000,-76.32626005244289
284,10000,-103.4647729706545
284,30000,-99.95687332155158
284,50000,-89.75135323535993
284,70000,-70.86022855394076
285,10000,-103.44663983037688
285,30000,-97.88323273903517
285,50000,-97.19766430800355
285,70000,-71.25920301772061
286,10000,-103.42466028473109
286,30000,-96.33384469170386
286,50000,-96.42599013066338
286,70000,-79.23547531511174
287,10000,-103.39900092523814
287,30000,-95.31079066877467
287,50000,-87.61505226822362
287,70000,-80.98602754522105
288,10000,-103.36983881531283
288,30000,-94.75724599747537
288,50000,-84.0213740278399
288,70000,-78.89514061346384
289,10000,-103.33735866832248
289,30000,-94.5690407318048
289,50000,-82.80408531321855
289,70000,-79.7615461757057
290,10000,-103.30175011968797
290,30000,-94.59074026454402
290,50000,-83.2016250364547
290,70000,-75.4523478388352
291,10000,-103.26320517008509
291,30000,-94.63365873069318
291,50000,-84.59820470212438
291,70000,-78.88237150862183
292,10000,-103.22191586393336
292,30000,-94.55024767077154
292,50000,-86.0694002721756
292,70000,-74.29832450291963
293,10000,-103.17807225350826
293,30000,-94.32251459181474
293,50000,-86.56554035086744
293,70000,-71.4166443441427
294,10000,-103.13186068280547
294,30000,-94.05490806787017
294,50000,-85.79510041810141
294,70000,-74.36823801295876
295,10000,-103.08346241040879
295,30000,-93.87941965776511
295,50000,-84.75108715736106
295,70000,-78.74022151218168
296,10000,-103.03305257625105
296,30000,-93.88363017515124
296,50000,-84.38390719244313
296,70000,-82.53057982994926
297,10000,-102.98079950528681
297,30000,-94.09605354151986
297,50000,-84.92085076531626
297,70000,-78.82306600088106
298,10000,-102.9268643314631
298,30000,-94.49661389839895
298,50000,-86.51510251754135
298,70000,-73.12578002947832
299,10000,-102.87140091952764
299,30000,-95.02846693782357
299,50000,-89.28554078334976
299,70000,-73.04897640042843
300,10000,-102.81455605797561
300,30000,-95.60765436506743
300,50000,-88.28079114120189
300,70000,-74.96127735351206
301,10000,-102.75646989542238
301,30000,-96.136407361701
301,50000,-83.7055691994437
301,70000,-77.24223732155752
302,10000,-102.69727659321643
302,30000,-96.52664850694954
302,50000,-81.00258771432055
302,70000,-86.80861773416821
303,10000,-102.63710516796415
303,30000,-96.73067258579182
303,50000,-80.15962568810724
303,70000,-78.42873502353191
304,10000,-102.57608049907283
304,30000,-96.7597541831685
304,50000,-80.52698525681855
304,70000,-74.58026992497038
305,10000,-102.51432447628409
305,30000,-96.67240338722202
305,50000,-81.1638359308512
305,70000,-74.82767630304987
306,10000,-102.45195726073919
306,30000,-96.54106581507959
306,50000,-81.18000085847156
306,70000,-74.32394413051
307,10000,-102.38909862958351
307,30000,-96.42305195841858
307,50000,-80.98598007674642
307,70000,-73.8079961206309
308,10000,-102.32586936832625
308,30000,-96.34912015061802
308,50000,-81.80383812969801
308,70000,-76.06646015849576
309,10000,-102.26239266741419
309,30000,-96.32650952489327
309,50000,-84.71964615781984
309,70000,-77.30809329034021
310,10000,-102.19879547107668
310,30000,-96.34932825067852
310,50000,-90.95066023898171
310,70000,-73.13765855977859
311,10000,-102.13520971651312
311,30000,-96.41220673929091
311,50000,-95.34455037668741
311,70000,-71.22574845306205
312,10000,-102.07177339388893
312,30000,-96.52464385057687
312,50000,-94.04803774985128
312,70000,-72.06039458784139
313,10000,-102.00863135015028
313,30000,-96.72178396252892
313,50000,-98.56502502793582
313,70000,-75.0688518908009
314,10000,-101.94593575648021
314,30000,-97.06686541989882
314,50000,-93.82616975872256
314,70000,-79.21773294431486
315,10000,-101.8838461591531
315,30000,-97.64525433357471
315,50000,-88.33520350213114
315,70000,-87.50508985645592
316,10000,-101.82252903797654
316,30000,-98.55582494976088
316,50000,-86.14506010488643
316,70000,-81.16234230580255
317,10000,-101.76215680550989
317,30000,-99.90510510933294
317,50000,-85.50355001252605
317,70000,-73.86822336309339
318,10000,-101.7029061937182
318,30000,-101.79936020284688
318,50000,-86.10308570426078
318,70000,-71.40887904568328
319,10000,-101.64495599200873
319,30000,-104.29136776327096
319,50000,-88.6490334909794
319,70000,-70.96415930707883
320,10000,-101.58848412094423
320,30000,-107.07671512907503
320,50000,-94.83210185887886
320,70000,-71.40640659668354
321,10000,-101.53366404911199
321,30000,-108.70156889834564
321,50000,-100.45468245545186
321,70000,-72.63379939778483
322,10000,-101.4806605846225
322,30000,-107.98614717538538
322,50000,-92.05196212013678
322,70000,-74.71785040510646
323,10000,-101.42962509881441
323,30000,-106.49349857986084
323,50000,-87.83203186348535
323,70000,-78.15548768572832
324,10000,-101.38069026564791
324,30000,-105.3607471932146
324,50000,-86.0482548587437
324,70000,-85.82744200620252
325,10000,-101.33396442753472
325,30000,-104.73884183233623
325,50000,-86.78360460479409
325,70000,-84.63707693949031
326,10000,-101.28952572642739
326,30000,-104.53107116480773
326,50000,-91.28506613622844
326,70000,-76.01016929582494
327,10000,-101.24741616870725
327,30000,-104.58908890673713
327,50000,-104.60200196042365
327,70000,-72.65729059915397
328,10000,-101.20763582377249
328,30000,-104.71599194897371
328,50000,-93.09416500832349
328,70000,-72.06640089926611
329,10000,-101.17013738999367
329,30000,-104.67348397005013
329,50000,-89.92756994896772
329,70000,-73.39409742647507
330,10000,-101.13482139634488
330,30000,-104.28441722010444
330,50000,-90.58841588203977
330,70000,-76.37093219953414
331,10000,-101.10153234319927
331,30000,-103.54827022084055
331,50000,-94.25944334018389
331,70000,-77.53994463022354
332,10000,-101.0700561174474
332,30000,-102.58514961475107
332,50000,-100.31621687875493
332,70000,-74.7179141581067
333,10000,-101.04011904188434
333,30000,-101.49874717797793
333,50000,-95.07889684977067
333,70000,-74.56471143225137
334,10000,-101.01138893017314
334,30000,-100.35034462309936
334,50000,-91.9319400697579
334,70000,-77.31572109003912
335,10000,-100.98347850872065
335,30000,-99.21301032056185
335,50000,-93.67711099848044
335,70000,-78.8524774884783
336,10000,-100.95595152793565
336,30000,-98.19475613068
336,50000,-98.83779097413047
336,70000,-75.27416239420732
337,10000,-100.92833180825028
337,30000,-97.4107011891475
337,50000,-90.48717474177066
337,70000,-72.3452378477596
338,10000,-100.90011534470659
338,30000,-96.95104124473309
338,50000,-86.5243052125453
338,70000,-72.94089136675537
339,10000,-100.87078542496295
339,30000,-96.87018767041289
339,50000,-86.2884694899114
339,70000,-77.82362879535027
340,10000,-100.83983050193639
340,30000,-97.1882838120301
340,50000,-88.10397076853496
340,70000,-79.48220432483757
341,10000,-100.80676431564113
341,30000,-97.8896615826877
341,50000,-86.22193102272064
341,70000,-76.56498359596395
342,10000,-100.7711474987517
342,30000,-98.90615067288627
342,50000,-82.62171226905701
342,70000,-75.29393492523562
343,10000,-100.73260965691742
343,30000,-100.07554856460811
343,50000,-81.13396777458857
343,70000,-74.44619853651406
344,10000,-100.69087072135646
344,30000,-101.08840153138006
344,50000,-81.81949226972475
344,70000,-76.09129311075903
345,10000,-100.64576026469594
345,30000,-101.52955905049708
345,50000,-84.37341786235967
345,70000,-81.71827176129176
346,10000,-100.59723347990465
346,30000,-101.14770576809322
346,50000,-87.46617977514794
346,70000,-85.81869703474437
347,10000,-100.54538266255256
347,30000,-100.07175896719475
347,50000,-88.63689300158373
347,70000,-90.39562914043557
348,10000,-100.49044330661272
348,30000,-98.62612190050264
348,50000,-88.26598880789355
348,70000,-84.12852623394801
349,10000,-100.4327942980113
349,30000,-97.09076761291925
349,50000,-85.87442376219146
349,70000,-76.69645168788239
350,10000,-100.37295212722398
350,30000,-95.64819691171103
350,50000,-82.84555808863158
350,70000,-74.49343560454952
351,10000,-100.3115594870212
351,30000,-94.40497559380444
351,50000,-81.00884186209012
351,70000,-76.25260661436025
352,10000,-100.2493690190224
352,30000,-93.41333082078347
352,50000,-80.53808950024131
352,70000,-84.86575279743178
353,10000,-100.18722327683504
353,30000,-92.68427851025851
353,50000,-81.09269628791851
353,70000,-85.50947819426187
354,10000,-100.12603215297304
354,30000,-92.19479805803186
354,50000,-82.11265337435384
354,70000,-84.14732243079713
355,10000,-100.06674906536185
355,30000,-91.89302396407008
355,50000,-82.94756619611788
355,70000,-85.10616370321091
356,10000,-100.01034712537988
356,30000,-91.7079327755865
356,50000,-83.34573449205374
356,70000,-78.05295789466845
357,10000,-99.95779634211532
357,30000,-91.56930653385933
357,50000,-83.64156284754579
357,70000,-77.24752256110236
358,10000,-99.9100426893614
358,30000,-91.43369355255157
358,50000,-84.22363399041913
358,70000,-75.89471005638892
359,10000,-99.86798960977934
359,30000,-91.2985713917383
359,50000,-85.22092896661596
359,70000,-70.88641547037098
360,10000,-99.83248228493188
360,30000,-91.19170229411057
360,50000,-86.60975364525859
360,70000,-68.07403488211023
